-- phpMyAdmin SQL Dump
-- version 2.11.11
-- http://www.phpmyadmin.net
--
-- 호스트: h6.woobi.co.kr
-- 처리한 시간: 16-01-15 22:43 
-- 서버 버전: 5.1.73
-- PHP 버전: 5.2.17

SET SQL_MODE="NO_AUTO_VALUE_ON_ZERO";


/*!40101 SET @OLD_CHARACTER_SET_CLIENT=@@CHARACTER_SET_CLIENT */;
/*!40101 SET @OLD_CHARACTER_SET_RESULTS=@@CHARACTER_SET_RESULTS */;
/*!40101 SET @OLD_COLLATION_CONNECTION=@@COLLATION_CONNECTION */;
/*!40101 SET NAMES utf8 */;

--
-- 데이터베이스: `godeung`
--

-- --------------------------------------------------------

--
-- 테이블 구조 `ChangeRequest`
--

CREATE TABLE IF NOT EXISTS `ChangeRequest` (
  `ReqCode` int(6) NOT NULL DEFAULT '0' COMMENT 'ReqCode',
  `ReqMember` int(6) DEFAULT NULL COMMENT 'ReqMember',
  `RequestPrdOption` int(6) DEFAULT NULL COMMENT 'RequestPrdOption',
  `RequestPrdOption2` int(6) NOT NULL,
  `RequestPrdOption3` int(6) NOT NULL,
  `FtiRoomCode` int(6) NOT NULL,
  `ReqResult` int(3) DEFAULT NULL COMMENT 'ReqResult',
  `ReqClerkCode` int(6) DEFAULT NULL COMMENT 'ReqClerkCode',
  `LimitTime` datetime DEFAULT NULL COMMENT 'LimitTime',
  `RegDate` datetime DEFAULT NULL COMMENT 'RegDate',
  `ModDate` datetime DEFAULT NULL COMMENT 'ModDate',
  PRIMARY KEY (`ReqCode`)
) ENGINE=MyISAM DEFAULT CHARSET=euckr COMMENT='ChangeRequest';

--
-- 테이블의 덤프 데이터 `ChangeRequest`
--

INSERT INTO `ChangeRequest` (`ReqCode`, `ReqMember`, `RequestPrdOption`, `RequestPrdOption2`, `RequestPrdOption3`, `FtiRoomCode`, `ReqResult`, `ReqClerkCode`, `LimitTime`, `RegDate`, `ModDate`) VALUES
(0, 100003, 100009, 0, 0, 0, 201, 0, '2016-01-08 22:22:49', '2016-01-08 22:22:19', '2016-01-08 22:22:19'),
(100000, NULL, NULL, 0, 0, 0, NULL, NULL, NULL, NULL, NULL),
(100001, 100003, 100009, 0, 0, 0, 204, 0, '2016-01-08 22:29:36', '2016-01-08 22:29:06', '2016-01-08 22:29:06'),
(100002, 100003, 100009, 0, 0, 0, 201, 1, '2016-01-08 22:29:41', '2016-01-08 22:29:11', '2016-01-08 22:29:11'),
(100003, 100003, 100005, 0, 0, 0, 201, 0, '2016-01-08 22:29:58', '2016-01-08 22:29:28', '2016-01-08 22:29:28'),
(100004, 100003, 100005, 0, 0, 0, 201, 1, '2016-01-08 22:31:02', '2016-01-08 22:30:32', '2016-01-08 22:30:32'),
(100005, 100003, 100005, 0, 0, 0, 201, 1, '2016-01-08 22:31:04', '2016-01-08 22:30:34', '2016-01-08 22:30:34'),
(100006, 100003, 100005, 0, 0, 0, 201, 0, '2016-01-08 22:31:06', '2016-01-08 22:30:36', '2016-01-08 22:30:36'),
(100007, 100003, 100003, 0, 0, 0, 201, 0, '2016-01-08 22:31:22', '2016-01-08 22:30:52', '2016-01-08 22:30:52'),
(100008, 100003, 0, 0, 0, 0, 201, 0, '2016-01-08 22:32:41', '2016-01-08 22:32:11', '2016-01-08 22:32:11'),
(100009, 100003, 2147483647, 2147483647, 2147483647, 0, 201, 1, '2016-01-08 23:18:58', '2016-01-08 23:18:28', '2016-01-08 23:18:28'),
(100010, 100003, 100002, 100002, 100002, 0, 201, 0, '2016-01-08 23:29:05', '2016-01-08 23:28:35', '2016-01-08 23:28:35'),
(100011, 100003, 100006, 100006, 100006, 0, 201, 0, '2016-01-08 23:37:28', '2016-01-08 23:36:58', '2016-01-08 23:36:58'),
(100012, 100003, 100002, 100002, 100002, 0, 201, 0, '2016-01-08 23:51:49', '2016-01-08 23:51:19', '2016-01-08 23:51:19'),
(100013, 100003, 100003, 100003, 100003, 0, 201, 0, '2016-01-09 00:18:39', '2016-01-09 00:18:09', '2016-01-09 00:18:09'),
(100014, 100003, 100002, 100002, 100002, 0, 201, 0, '2016-01-09 00:35:14', '2016-01-09 00:34:44', '2016-01-09 00:34:44'),
(100015, 100003, 100006, 100006, 100006, 0, 201, 0, '2016-01-09 00:36:25', '2016-01-09 00:35:55', '2016-01-09 00:35:55'),
(100016, 100003, 100003, 100003, 100003, 0, 201, 1, '2016-01-09 00:42:23', '2016-01-09 00:41:53', '2016-01-09 00:41:53'),
(100017, 100003, 100008, 100008, 100008, 0, 201, 0, '2016-01-09 00:44:10', '2016-01-09 00:43:40', '2016-01-09 00:43:40'),
(100018, 100003, 100003, 100003, 100003, 0, 201, 0, '2016-01-09 00:45:56', '2016-01-09 00:45:26', '2016-01-09 00:45:26'),
(100019, 100003, 100009, 100009, 100009, 0, 201, 1, '2016-01-09 00:47:38', '2016-01-09 00:47:08', '2016-01-09 00:47:08'),
(100020, 100003, 100008, 100008, 100008, 0, 201, 0, '2016-01-09 00:48:58', '2016-01-09 00:48:28', '2016-01-09 00:48:28'),
(100021, 100003, 100006, 100006, 100006, 0, 201, 0, '2016-01-09 00:51:51', '2016-01-09 00:51:21', '2016-01-09 00:51:21'),
(100022, 100003, 100006, 100006, 100006, 0, 201, 1, '2016-01-09 00:53:53', '2016-01-09 00:53:23', '2016-01-09 00:53:23'),
(100023, 100003, 100005, 100005, 100005, 0, 201, 1, '2016-01-09 00:57:47', '2016-01-09 00:57:17', '2016-01-09 00:57:17'),
(100024, 100003, 100002, 100002, 100002, 0, 201, 0, '2016-01-09 01:00:52', '2016-01-09 01:00:22', '2016-01-09 01:00:22'),
(100025, 100003, 100002, 100002, 100002, 0, 201, 0, '2016-01-09 01:02:28', '2016-01-09 01:01:58', '2016-01-09 01:01:58'),
(100026, 100003, 100002, 100002, 100002, 0, 201, 0, '2016-01-09 01:03:16', '2016-01-09 01:02:46', '2016-01-09 01:02:46'),
(100027, 100003, 100002, 100002, 100002, 0, 201, 0, '2016-01-09 01:04:52', '2016-01-09 01:04:22', '2016-01-09 01:04:22'),
(100028, 100003, 100008, 100008, 100008, 0, 201, 1, '2016-01-09 01:23:19', '2016-01-09 01:22:49', '2016-01-09 01:22:49'),
(100029, 100003, 100003, 100003, 100003, 0, 201, 0, '2016-01-09 01:26:19', '2016-01-09 01:25:49', '2016-01-09 01:25:49'),
(100030, 100003, 100003, 100003, 100003, 0, 201, 0, '2016-01-09 01:26:35', '2016-01-09 01:26:05', '2016-01-09 01:26:05'),
(100031, 100003, 100002, 100002, 100002, 0, 201, 1, '2016-01-09 01:27:22', '2016-01-09 01:26:52', '2016-01-09 01:26:52'),
(100032, 100003, 100006, 100006, 100006, 0, 201, 1, '2016-01-09 01:28:17', '2016-01-09 01:27:47', '2016-01-09 01:27:47'),
(100033, 100003, 100006, 100006, 100006, 0, 201, 1, '2016-01-09 01:28:44', '2016-01-09 01:28:14', '2016-01-09 01:28:14'),
(100034, 100003, 100006, 100006, 100006, 0, 201, 1, '2016-01-09 01:30:20', '2016-01-09 01:29:50', '2016-01-09 01:29:50'),
(100035, 100003, 100003, 100003, 100003, 0, 201, 0, '2016-01-09 01:31:49', '2016-01-09 01:31:19', '2016-01-09 01:31:19'),
(100036, 100003, 100006, 100006, 100006, 0, 201, 0, '2016-01-09 16:17:09', '2016-01-09 16:16:39', '2016-01-09 16:16:39'),
(100037, 100003, 100006, 100006, 100006, 0, 201, 1, '2016-01-09 16:17:56', '2016-01-09 16:17:26', '2016-01-09 16:17:26'),
(100038, 100003, 100002, 100002, 100002, 0, 201, 1, '2016-01-09 16:19:46', '2016-01-09 16:19:16', '2016-01-09 16:19:16'),
(100039, 100003, 100003, 100003, 100003, 0, 201, 0, '2016-01-09 16:20:44', '2016-01-09 16:20:14', '2016-01-09 16:20:14'),
(100040, 100003, 100006, 100006, 100006, 0, 201, 1, '2016-01-09 16:25:23', '2016-01-09 16:24:53', '2016-01-09 16:24:53'),
(100041, 100003, 100006, 100006, 100006, 0, 201, 0, '2016-01-09 18:09:05', '2016-01-09 18:08:35', '2016-01-09 18:08:35'),
(100042, 100003, 100006, 100006, 100006, 0, 201, 1, '2016-01-09 18:09:28', '2016-01-09 18:08:58', '2016-01-09 18:08:58'),
(100043, 100003, 100002, 100002, 100002, 0, 201, 1, '2016-01-09 19:33:09', '2016-01-09 19:32:39', '2016-01-09 19:32:39'),
(100044, 100003, 100003, 100003, 100003, 0, 201, 1, '2016-01-09 19:34:46', '2016-01-09 19:34:16', '2016-01-09 19:34:16'),
(100045, 100003, 100006, 100006, 100006, 0, 201, 1, '2016-01-09 19:37:55', '2016-01-09 19:37:25', '2016-01-09 19:37:25'),
(100046, 100003, 100006, 100006, 100006, 0, 201, 0, '2016-01-09 19:39:36', '2016-01-09 19:39:06', '2016-01-09 19:39:06'),
(100047, 100003, 100004, 100004, 100004, 0, 201, 1, '2016-01-09 19:39:53', '2016-01-09 19:39:23', '2016-01-09 19:39:23'),
(100048, 100003, 100006, 100006, 100006, 0, 201, 0, '2016-01-09 19:53:03', '2016-01-09 19:52:33', '2016-01-09 19:52:33'),
(100049, 100003, 100006, 100006, 100006, 0, 201, 0, '2016-01-09 19:54:51', '2016-01-09 19:54:21', '2016-01-09 19:54:21'),
(100050, 100003, 100006, 100006, 100006, 0, 201, 0, '2016-01-09 19:56:44', '2016-01-09 19:56:14', '2016-01-09 19:56:14'),
(100051, 100003, 100003, 100003, 100003, 0, 201, 0, '2016-01-09 19:58:18', '2016-01-09 19:57:48', '2016-01-09 19:57:48'),
(100052, 100003, 100006, 100006, 100006, 0, 201, 1, '2016-01-09 20:03:27', '2016-01-09 20:02:57', '2016-01-09 20:02:57'),
(100053, 100003, 100008, 100008, 100008, 0, 201, 0, '2016-01-09 20:07:01', '2016-01-09 20:06:31', '2016-01-09 20:06:31'),
(100054, 100003, 100008, 100008, 100008, 0, 201, 0, '2016-01-09 22:03:16', '2016-01-09 22:02:46', '2016-01-09 22:02:46'),
(100055, 100003, 100006, 100006, 100006, 0, 201, 0, '2016-01-09 22:05:23', '2016-01-09 22:04:53', '2016-01-09 22:04:53'),
(100056, 100003, 100006, 100006, 100006, 0, 201, 0, '2016-01-09 22:12:56', '2016-01-09 22:12:26', '2016-01-09 22:12:26'),
(100057, 100003, 100008, 100008, 100008, 0, 201, 1, '2016-01-09 22:24:11', '2016-01-09 22:23:41', '2016-01-09 22:23:41'),
(100058, 100003, 100008, 100008, 100008, 0, 201, 1, '2016-01-09 22:25:48', '2016-01-09 22:25:18', '2016-01-09 22:25:18'),
(100074, 100003, 100006, 100006, 100006, 100001, 205, 100001, '2016-01-10 03:34:40', '2016-01-10 03:34:10', '2016-01-10 03:34:10'),
(100073, 100003, 100003, 100003, 100003, 100001, 206, 100002, '2016-01-10 03:30:55', '2016-01-10 03:30:25', '2016-01-10 03:30:25'),
(100072, 100003, 100007, 100007, 100007, 100001, 201, 100002, '2016-01-10 03:24:02', '2016-01-10 03:23:32', '2016-01-10 03:23:32'),
(100071, 100003, 100007, 100007, 100007, 100001, 201, 0, '2016-01-10 03:24:02', '2016-01-10 03:23:32', '2016-01-10 03:23:32'),
(100070, 100003, 100007, 100007, 100007, 100001, 201, 0, '2016-01-10 03:16:16', '2016-01-10 03:15:46', '2016-01-10 03:15:46'),
(100069, 100003, 100007, 100007, 100007, 100001, 201, 100001, '2016-01-10 03:12:31', '2016-01-10 03:12:01', '2016-01-10 03:12:01'),
(100068, 100003, 100007, 100007, 100007, 100001, 201, 0, '2016-01-10 03:12:10', '2016-01-10 03:11:40', '2016-01-10 03:11:40'),
(100067, 100003, 100007, 100007, 100007, 100001, 201, 100001, '2016-01-10 03:07:51', '2016-01-10 03:07:21', '2016-01-10 03:07:21'),
(100066, 100003, 100007, 100007, 100007, 100001, 201, 100002, '2016-01-10 03:07:33', '2016-01-10 03:07:03', '2016-01-10 03:07:03'),
(100065, 100003, 100007, 100007, 100007, 100001, 201, 100001, '2016-01-10 03:07:10', '2016-01-10 03:06:40', '2016-01-10 03:06:40'),
(100064, 100003, 100007, 100007, 100007, 100001, 201, 100002, '2016-01-10 03:06:40', '2016-01-10 03:06:10', '2016-01-10 03:06:10'),
(100063, 100003, 100007, 100007, 100007, 100001, 201, 100002, '2016-01-10 03:05:55', '2016-01-10 03:05:25', '2016-01-10 03:05:25'),
(100062, 100003, 100007, 100007, 100007, 100001, 201, 100002, '2016-01-10 03:05:33', '2016-01-10 03:05:03', '2016-01-10 03:05:03'),
(100061, 100003, 100007, 100007, 100007, 100001, 201, 100002, '2016-01-10 03:03:10', '2016-01-10 03:02:40', '2016-01-10 03:02:40'),
(100060, 100003, 100007, 100007, 100007, 100001, 205, 100001, '2016-01-10 03:01:35', '2016-01-10 03:01:05', '2016-01-10 03:01:05'),
(100059, 100003, 100007, 100007, 100007, 100001, 201, 0, '2016-01-10 02:59:39', '2016-01-10 02:59:09', '2016-01-10 02:59:09'),
(100075, 100003, 100008, 100008, 100008, 100001, 206, 100001, '2016-01-10 03:38:27', '2016-01-10 03:37:57', '2016-01-10 03:37:57'),
(100076, 100003, 100006, 100006, 100006, 100001, 201, 0, '2016-01-10 03:42:18', '2016-01-10 03:41:48', '2016-01-10 03:41:48'),
(100077, 100003, 100006, 100006, 100006, 100001, 205, 100002, '2016-01-10 03:42:35', '2016-01-10 03:42:05', '2016-01-10 03:42:05'),
(100078, 100003, 100044, 100044, 100044, 100001, 201, 100002, '2016-01-10 03:43:37', '2016-01-10 03:43:07', '2016-01-10 03:43:07'),
(100079, 100003, 100008, 100008, 100008, 100001, 205, 100002, '2016-01-10 03:45:20', '2016-01-10 03:44:50', '2016-01-10 03:44:50'),
(100080, 100003, 100044, 100044, 100044, 100001, 205, 100002, '2016-01-10 03:46:31', '2016-01-10 03:46:01', '2016-01-10 03:46:01'),
(100081, 100003, 100044, 100044, 100044, 100001, 201, 0, '2016-01-10 03:47:04', '2016-01-10 03:46:34', '2016-01-10 03:46:34'),
(100082, 100003, 100044, 100044, 100044, 100001, 205, 100001, '2016-01-10 03:47:37', '2016-01-10 03:47:07', '2016-01-10 03:47:07'),
(100083, 100003, 100008, 100008, 100008, 100001, 201, 0, '2016-01-10 03:50:08', '2016-01-10 03:49:38', '2016-01-10 03:49:38'),
(100084, 100003, 100008, 100008, 100008, 100001, 201, 0, '2016-01-10 03:50:47', '2016-01-10 03:50:17', '2016-01-10 03:50:17'),
(100085, 100003, 100008, 100008, 100008, 100001, 205, 100001, '2016-01-10 03:51:51', '2016-01-10 03:51:21', '2016-01-10 03:51:21'),
(100086, 100003, 100006, 100006, 100006, 100001, 201, 100002, '2016-01-10 04:10:30', '2016-01-10 04:10:00', '2016-01-10 04:10:00'),
(100087, 100003, 100006, 100006, 100006, 100001, 201, 100001, '2016-01-10 04:12:28', '2016-01-10 04:11:58', '2016-01-10 04:11:58'),
(100088, 100003, 100008, 100008, 100008, 100001, 205, 100002, '2016-01-10 04:15:19', '2016-01-10 04:14:49', '2016-01-10 04:14:49'),
(100089, 100003, 100002, 100002, 100002, 100001, 206, 100001, '2016-01-10 04:19:31', '2016-01-10 04:19:01', '2016-01-10 04:19:01'),
(100090, 100003, 100002, 100002, 100002, 100001, 201, 0, '2016-01-10 04:20:52', '2016-01-10 04:20:22', '2016-01-10 04:20:22'),
(100091, 100003, 100002, 100002, 100002, 100001, 201, 100001, '2016-01-10 04:21:11', '2016-01-10 04:20:41', '2016-01-10 04:20:41'),
(100092, 100003, 2147483647, 2147483647, 2147483647, 100001, 201, 0, '2016-01-13 20:04:54', '2016-01-13 20:04:24', '2016-01-13 20:04:24'),
(100093, 100003, 2147483647, 2147483647, 2147483647, 100001, 201, 0, '2016-01-13 20:25:45', '2016-01-13 20:25:15', '2016-01-13 20:25:15'),
(100094, 100003, 100019, 100019, 100019, 100001, 201, 100001, '2016-01-13 21:31:40', '2016-01-13 21:31:10', '2016-01-13 21:31:10'),
(100095, 100003, 100019, 100019, 100019, 100001, 201, 0, '2016-01-13 21:35:35', '2016-01-13 21:35:05', '2016-01-13 21:35:05'),
(100096, 100003, 100019, 100019, 100019, 100001, 201, 100001, '2016-01-13 21:35:37', '2016-01-13 21:35:07', '2016-01-13 21:35:07'),
(100097, 100003, 100019, 100043, 0, 100001, 201, 0, '2016-01-13 21:53:29', '2016-01-13 21:52:59', '2016-01-13 21:52:59'),
(100098, 0, 0, 0, 0, 0, 201, 100001, '2016-01-13 21:58:12', '2016-01-13 21:57:42', '2016-01-13 21:57:42'),
(100099, 100003, 100044, 0, 0, 100001, 201, 100001, '2016-01-13 22:00:08', '2016-01-13 21:59:38', '2016-01-13 21:59:38'),
(100100, 100003, 100044, 100020, 0, 100001, 201, 100001, '2016-01-13 22:05:16', '2016-01-13 22:04:46', '2016-01-13 22:04:46'),
(100101, 100003, 100021, 0, 0, 100001, 201, 0, '2016-01-13 22:09:09', '2016-01-13 22:08:39', '2016-01-13 22:08:39'),
(100102, 100003, 100016, 0, 0, 100001, 201, 100002, '2016-01-13 22:11:19', '2016-01-13 22:10:49', '2016-01-13 22:10:49'),
(100103, 100003, 100020, 0, 0, 100001, 203, 0, '2016-01-13 22:31:26', '2016-01-13 22:30:56', '2016-01-13 22:30:56'),
(100104, 100003, 100020, 0, 0, 100001, 203, 0, '2016-01-13 22:32:00', '2016-01-13 22:31:30', '2016-01-13 22:31:30'),
(100105, 100003, 100020, 0, 0, 100001, 203, 0, '2016-01-13 22:33:40', '2016-01-13 22:33:10', '2016-01-13 22:33:10'),
(100106, 100003, 100020, 0, 0, 100001, 203, 100002, '2016-01-13 22:36:06', '2016-01-13 22:35:36', '2016-01-13 22:35:36'),
(100107, 100003, 100020, 0, 0, 100001, 203, 100005, '2016-01-13 22:42:22', '2016-01-13 22:41:52', '2016-01-13 22:41:52'),
(100108, 100003, 100020, 0, 0, 100001, 203, 100002, '2016-01-13 22:51:54', '2016-01-13 22:51:24', '2016-01-13 22:51:24'),
(100109, 100003, 100020, 0, 0, 100001, 203, 100001, '2016-01-13 22:52:10', '2016-01-13 22:51:40', '2016-01-13 22:51:40'),
(100110, 100003, 100019, 0, 0, 100001, 203, 100002, '2016-01-13 22:58:23', '2016-01-13 22:57:53', '2016-01-13 22:57:53'),
(100111, 100003, 100019, 0, 0, 100001, 203, 100002, '2016-01-13 23:00:28', '2016-01-13 22:59:58', '2016-01-13 22:59:58'),
(100112, 100003, 100019, 0, 0, 100001, 203, 100005, '2016-01-13 23:03:51', '2016-01-13 23:03:21', '2016-01-13 23:03:21'),
(100113, 100003, 100019, 0, 0, 100001, 203, 100001, '2016-01-13 23:04:02', '2016-01-13 23:03:32', '2016-01-13 23:03:32'),
(100114, 100003, 100019, 0, 0, 100001, 203, 100002, '2016-01-13 23:04:12', '2016-01-13 23:03:42', '2016-01-13 23:03:42'),
(100115, 100003, 100021, 0, 0, 100001, 201, 100001, '2016-01-13 23:07:17', '2016-01-13 23:06:47', '2016-01-13 23:06:47'),
(100116, 100003, 100021, 0, 0, 100001, 201, 100001, '2016-01-13 23:10:07', '2016-01-13 23:09:37', '2016-01-13 23:09:37'),
(100117, 100003, 100021, 0, 0, 100001, 201, 100005, '2016-01-13 23:10:13', '2016-01-13 23:09:43', '2016-01-13 23:09:43'),
(100118, 100003, 100021, 0, 0, 100001, 201, 100001, '2016-01-13 23:10:16', '2016-01-13 23:09:46', '2016-01-13 23:09:46'),
(100119, 100003, 100021, 0, 0, 100001, 201, 100005, '2016-01-13 23:10:22', '2016-01-13 23:09:52', '2016-01-13 23:09:52'),
(100120, 100003, 100021, 0, 0, 100001, 201, 100005, '2016-01-13 23:10:29', '2016-01-13 23:09:59', '2016-01-13 23:09:59'),
(100121, 100003, 100021, 0, 0, 100001, 201, 100001, '2016-01-13 23:13:29', '2016-01-13 23:12:59', '2016-01-13 23:12:59'),
(100122, 100003, 100021, 0, 0, 100001, 201, 100005, '2016-01-13 23:13:33', '2016-01-13 23:13:03', '2016-01-13 23:13:03'),
(100123, 100003, 100021, 0, 0, 100001, 201, 100002, '2016-01-13 23:13:36', '2016-01-13 23:13:06', '2016-01-13 23:13:06'),
(100124, 100003, 100021, 0, 0, 100001, 201, 100002, '2016-01-13 23:13:39', '2016-01-13 23:13:09', '2016-01-13 23:13:09'),
(100125, 100003, 100021, 0, 0, 100001, 201, 100005, '2016-01-13 23:13:41', '2016-01-13 23:13:11', '2016-01-13 23:13:11'),
(100126, 100003, 100021, 0, 0, 100001, 201, 100005, '2016-01-13 23:13:45', '2016-01-13 23:13:15', '2016-01-13 23:13:15'),
(100127, 100003, 100021, 0, 0, 100001, 201, 100002, '2016-01-13 23:13:47', '2016-01-13 23:13:17', '2016-01-13 23:13:17'),
(100128, 100003, 100021, 0, 0, 100001, 201, 100001, '2016-01-13 23:13:52', '2016-01-13 23:13:22', '2016-01-13 23:13:22'),
(100129, 100003, 100021, 0, 0, 100001, 201, 100002, '2016-01-13 23:15:33', '2016-01-13 23:15:03', '2016-01-13 23:15:03'),
(100130, 100003, 100019, 100044, 0, 100001, 206, 100005, '2016-01-13 23:16:59', '2016-01-13 23:16:29', '2016-01-13 23:16:29'),
(100131, 100004, 100044, 100019, 0, 100001, 206, 100005, '2016-01-15 20:14:15', '2016-01-15 20:13:45', '2016-01-15 20:13:45'),
(100132, 100003, 100007, 0, 0, 100001, 201, 100005, '2016-01-15 21:00:05', '2016-01-15 20:59:35', '2016-01-15 20:59:35'),
(100133, 100003, 100007, 0, 0, 100001, 201, 100006, '2016-01-15 21:01:50', '2016-01-15 21:01:20', '2016-01-15 21:01:20'),
(100134, 100003, 100007, 0, 0, 100001, 201, 100006, '2016-01-15 21:02:21', '2016-01-15 21:01:51', '2016-01-15 21:01:51'),
(100135, 100003, 100007, 0, 0, 100001, 201, 100002, '2016-01-15 21:03:38', '2016-01-15 21:03:08', '2016-01-15 21:03:08'),
(100136, 100003, 100007, 0, 0, 100001, 201, 100006, '2016-01-15 21:04:14', '2016-01-15 21:03:44', '2016-01-15 21:03:44'),
(100137, 100003, 100007, 0, 0, 100001, 201, 100002, '2016-01-15 21:04:45', '2016-01-15 21:04:15', '2016-01-15 21:04:15'),
(100138, 100003, 100007, 0, 0, 100001, 201, 100005, '2016-01-15 21:05:10', '2016-01-15 21:04:40', '2016-01-15 21:04:40'),
(100139, 100003, 100007, 0, 0, 100001, 201, 100006, '2016-01-15 21:06:25', '2016-01-15 21:05:55', '2016-01-15 21:05:55'),
(100140, 100003, 100007, 0, 0, 100001, 201, 100001, '2016-01-15 21:07:00', '2016-01-15 21:06:30', '2016-01-15 21:06:30'),
(100141, 100003, 100007, 0, 0, 100001, 201, 100002, '2016-01-15 21:07:04', '2016-01-15 21:06:34', '2016-01-15 21:06:34'),
(100142, 100003, 100007, 0, 0, 100001, 201, 100001, '2016-01-15 21:07:50', '2016-01-15 21:07:20', '2016-01-15 21:07:20'),
(100143, 100003, 1000072, 0, 0, 100001, 201, 100002, '2016-01-15 21:09:37', '2016-01-15 21:09:07', '2016-01-15 21:09:07'),
(100144, 100003, 100007, 0, 0, 100001, 206, 100005, '2016-01-15 21:09:44', '2016-01-15 21:09:14', '2016-01-15 21:09:14'),
(100145, 100003, 0, 0, 0, 100001, 201, 100002, '2016-01-15 21:10:12', '2016-01-15 21:09:42', '2016-01-15 21:09:42');

-- --------------------------------------------------------

--
-- 테이블 구조 `ClerkEvaluation`
--

CREATE TABLE IF NOT EXISTS `ClerkEvaluation` (
  `ClerkCode` int(6) NOT NULL,
  `StarCount` int(1) NOT NULL,
  `RegDate` datetime NOT NULL,
  `ModDate` datetime NOT NULL
) ENGINE=MyISAM DEFAULT CHARSET=euckr;

--
-- 테이블의 덤프 데이터 `ClerkEvaluation`
--

INSERT INTO `ClerkEvaluation` (`ClerkCode`, `StarCount`, `RegDate`, `ModDate`) VALUES
(100001, 5, '2016-01-13 02:26:29', '2016-01-13 02:26:29'),
(100001, 3, '2016-01-13 02:26:29', '2016-01-13 02:26:29'),
(100002, 4, '2016-01-13 02:26:29', '2016-01-13 02:26:29'),
(100002, 5, '2016-01-13 02:26:29', '2016-01-13 02:26:29'),
(100003, 5, '2016-01-13 02:26:29', '2016-01-13 02:26:29'),
(100003, 3, '2016-01-13 02:26:29', '2016-01-13 02:26:29'),
(100001, 4, '2016-01-13 02:26:29', '2016-01-13 02:26:29'),
(100001, 5, '2016-01-13 22:03:20', '2016-01-13 22:03:20'),
(100002, 1, '2016-01-13 22:11:56', '2016-01-13 22:11:56');

-- --------------------------------------------------------

--
-- 테이블 구조 `ClerkInfo`
--

CREATE TABLE IF NOT EXISTS `ClerkInfo` (
  `ClerkCode` int(6) NOT NULL DEFAULT '0' COMMENT 'ClerkCode',
  `ClerkName` varchar(20) DEFAULT NULL COMMENT 'ClerkName',
  `WorkingShop` int(6) DEFAULT NULL COMMENT 'WorkingShop',
  `GcmRegId` varchar(200) DEFAULT NULL COMMENT 'GcmRegId',
  `AndroidId` varchar(200) DEFAULT NULL COMMENT 'AndroidId',
  `ServiceCount` int(6) NOT NULL,
  `ClerkImage` varchar(200) NOT NULL,
  `RegDate` datetime DEFAULT NULL COMMENT 'RegDate',
  `ModDate` datetime DEFAULT NULL COMMENT 'ModDate',
  PRIMARY KEY (`ClerkCode`)
) ENGINE=MyISAM DEFAULT CHARSET=euckr COMMENT='ClerkInfo';

--
-- 테이블의 덤프 데이터 `ClerkInfo`
--

INSERT INTO `ClerkInfo` (`ClerkCode`, `ClerkName`, `WorkingShop`, `GcmRegId`, `AndroidId`, `ServiceCount`, `ClerkImage`, `RegDate`, `ModDate`) VALUES
(100001, '최보리', 100001, 'cEFu1aFPd9g:APA91bH7gjIIFeCr9GcdClVznQ6j-BueHW_kiZ_10psknDTOKxjiS4065wTTg2bwQd_e49jEiP9gVdognBxfm4TrrohDHrY03gUyzWNcECMohjWi-5_mR5R6D-Ia2aV02l6rcGQ5uO2D', NULL, 3, 'staff_1.png', '2016-01-08 22:30:10', '2016-01-08 22:30:10'),
(100002, '윤소연', 100001, 'cEFu1aFPd9g:APA91bH7gjIIFeCr9GcdClVznQ6j-BueHW_kiZ_10psknDTOKxjiS4065wTTg2bwQd_e49jEiP9gVdognBxfm4TrrohDHrY03gUyzWNcECMohjWi-5_mR5R6D-Ia2aV02l6rcGQ5uO2D', NULL, 2, 'staff_2.png', '2016-01-08 22:30:10', '2016-01-08 22:30:10'),
(100005, '신나라', 100001, 'fqx4Mjf8ZV0:APA91bEHmIyvIuB9QRybeBWKwIZHwcWJmyIgsWQAKyKClwrGlwjgLoqpEsoO8lsLCFLjeDHAGXyB0PYCUjy8RouTK9bcGW2i6lyHNCKToedrAXgs-gKexmMVlM4ANMBjVSvCtqj4L2tB', '5c4202ad8f82a76d', 5, 'staff_3.png', '2016-01-13 22:29:17', '2016-01-15 21:46:06'),
(100006, '', 0, 'fZQuO96bSzI:APA91bGVp52g1AljUG2KSX8wwg-5735PeiXiJYGY5mGLtgfZxu4p0vKJ8zrONHX-LggyfwYXhfZsomRzgISmGo238BWH5WyU5NqRWE_VJYV_tN63TsnDQKKcC6VyOGBVFmajR5vLhiAW', '1b66e48eb8a60156', 0, '', '2016-01-15 20:54:32', '2016-01-15 21:01:55');

-- --------------------------------------------------------

--
-- 테이블 구조 `CommonCode`
--

CREATE TABLE IF NOT EXISTS `CommonCode` (
  `Code` int(3) NOT NULL DEFAULT '0' COMMENT 'Code',
  `CodeCategory` varchar(50) DEFAULT NULL COMMENT 'CodeCategory',
  `CodeName` varchar(200) DEFAULT NULL COMMENT 'CodeName',
  `RegDate` datetime DEFAULT NULL COMMENT 'RegDate',
  `ModDate` datetime DEFAULT NULL COMMENT 'ModDate',
  PRIMARY KEY (`Code`)
) ENGINE=MyISAM DEFAULT CHARSET=euckr COMMENT='CommonCode';

--
-- 테이블의 덤프 데이터 `CommonCode`
--

INSERT INTO `CommonCode` (`Code`, `CodeCategory`, `CodeName`, `RegDate`, `ModDate`) VALUES
(201, '교환', '요청', '2016-01-06 12:56:28', '2016-01-06 12:56:28'),
(202, '교환', '시간초과', '2016-01-06 12:56:28', '2016-01-06 12:56:28'),
(203, '교환', '취소', '2016-01-06 12:56:28', '2016-01-06 12:56:28'),
(204, '교환', '거절', '2016-01-06 12:56:28', '2016-01-06 12:56:28'),
(205, '교환', '수락', '2016-01-06 12:56:28', '2016-01-06 12:56:28'),
(206, '교환', '배달완료', '2016-01-10 01:44:29', '2016-01-10 01:44:29');

-- --------------------------------------------------------

--
-- 테이블 구조 `MemberFitting`
--

CREATE TABLE IF NOT EXISTS `MemberFitting` (
  `MemberCode` int(6) NOT NULL DEFAULT '0' COMMENT 'MemberCode',
  `FittingType` int(3) DEFAULT NULL COMMENT 'FittingType',
  `FittingPhoto` varchar(200) DEFAULT NULL COMMENT 'FittingPhoto',
  `RegDate` datetime DEFAULT NULL COMMENT 'RegDate',
  `ModDate` datetime DEFAULT NULL COMMENT 'ModDate',
  PRIMARY KEY (`MemberCode`)
) ENGINE=MyISAM DEFAULT CHARSET=euckr COMMENT='MemberFitting';

--
-- 테이블의 덤프 데이터 `MemberFitting`
--


-- --------------------------------------------------------

--
-- 테이블 구조 `MemberInfo`
--

CREATE TABLE IF NOT EXISTS `MemberInfo` (
  `MemberCode` int(6) NOT NULL DEFAULT '0' COMMENT 'MemberCode',
  `MemberName` varchar(50) DEFAULT NULL COMMENT 'MemberName',
  `MemberEmail` varchar(200) DEFAULT NULL COMMENT 'MemberEmail',
  `GcmRegId` varchar(200) DEFAULT NULL COMMENT 'GcmRegId',
  `AndroidId` varchar(200) DEFAULT NULL COMMENT 'AndroidId',
  `Sex` varchar(1) DEFAULT NULL COMMENT 'Sex',
  `Height` int(3) DEFAULT NULL COMMENT 'Height',
  `Age` int(3) DEFAULT NULL COMMENT 'Age',
  `RegDate` datetime DEFAULT NULL COMMENT 'RegDate',
  `ModDate` datetime DEFAULT NULL COMMENT 'ModDate',
  PRIMARY KEY (`MemberCode`)
) ENGINE=MyISAM DEFAULT CHARSET=euckr COMMENT='MemberInfo';

--
-- 테이블의 덤프 데이터 `MemberInfo`
--

INSERT INTO `MemberInfo` (`MemberCode`, `MemberName`, `MemberEmail`, `GcmRegId`, `AndroidId`, `Sex`, `Height`, `Age`, `RegDate`, `ModDate`) VALUES
(100000, NULL, NULL, NULL, NULL, NULL, NULL, NULL, NULL, NULL),
(100001, '', '', '111', '1234', '', 0, 0, '2016-01-06 15:03:10', '2016-01-06 15:03:10'),
(100002, '', '', '', '', '', 0, 0, '2016-01-06 15:10:02', '2016-01-06 15:10:02'),
(100003, '', '', 'dduicPJhebw:APA91bFlmIDaOeLhHt8j5k7Q34nf6HL9uqYMci1GC2MsUK_NHSm7GJ4qRHFRa8KmhmuvYB82nWbQ58AVu67bvoVTqiXG9XCQfIjtUKpe7QeDUHRHtDcNnJXcAX0pnjPHBx7BnpBtMBdT', '43690a4adbc8d9d8', '', 0, 0, '2016-01-08 22:04:45', '2016-01-13 23:06:19'),
(100004, '', '', 'eKtrcxmVzkI:APA91bEayjFq3wqQ-r8FVyG0m1-6Ie5xCXErHXbVljAIssXY_TsGDYu1Y7J34kTQV43ddBfiEm91u_zsEu_f9C0DoOmL3Al5jV9Uuz9A91lAAQIBZhlyAUAC4QF4RNJrxYqPm-lFzOYl', 'f02197837ea981da', '', 0, 0, '2016-01-09 17:06:19', '2016-01-15 21:50:50');

-- --------------------------------------------------------

--
-- 테이블 구조 `MemberLike`
--

CREATE TABLE IF NOT EXISTS `MemberLike` (
  `LikeCode` int(6) NOT NULL DEFAULT '0' COMMENT 'ResvCode',
  `PrdCode` int(6) DEFAULT NULL COMMENT 'PrdCode',
  `LikeMember` int(6) DEFAULT NULL COMMENT 'ResvMember',
  `DeleteYN` varchar(1) NOT NULL,
  `RegDate` datetime DEFAULT NULL COMMENT 'RegDate',
  `ModDate` datetime DEFAULT NULL COMMENT 'ModDate',
  PRIMARY KEY (`LikeCode`)
) ENGINE=MyISAM DEFAULT CHARSET=euckr COMMENT='MemberLike';

--
-- 테이블의 덤프 데이터 `MemberLike`
--

INSERT INTO `MemberLike` (`LikeCode`, `PrdCode`, `LikeMember`, `DeleteYN`, `RegDate`, `ModDate`) VALUES
(100000, NULL, NULL, '', NULL, NULL),
(100001, 100001, 100003, 'Y', '2016-01-10 16:58:32', '2016-01-10 16:58:32'),
(100002, 100001, 100003, 'N', '2016-01-10 16:58:57', '2016-01-10 16:58:57'),
(100003, 100003, 100003, 'Y', '2016-01-13 21:27:40', '2016-01-13 21:27:40'),
(100004, 100003, 100003, 'Y', '2016-01-13 21:31:01', '2016-01-13 21:31:01'),
(100005, 100006, 100003, 'Y', '2016-01-13 22:04:11', '2016-01-13 22:04:11'),
(100006, 100006, 100003, 'Y', '2016-01-13 22:04:13', '2016-01-13 22:04:13'),
(100007, 100006, 100003, 'Y', '2016-01-13 22:04:14', '2016-01-13 22:04:14'),
(100008, 100006, 100003, 'Y', '2016-01-13 22:04:15', '2016-01-13 22:04:15'),
(100009, 100006, 100003, 'N', '2016-01-13 22:04:44', '2016-01-13 22:04:44'),
(100010, 100003, 100003, 'N', '2016-01-13 22:42:04', '2016-01-13 22:42:04'),
(100011, 100003, 100004, 'Y', '2016-01-15 16:59:02', '2016-01-15 16:59:02'),
(100012, 100003, 100004, 'Y', '2016-01-15 16:59:03', '2016-01-15 16:59:03'),
(100013, 100003, 100004, 'Y', '2016-01-15 16:59:04', '2016-01-15 16:59:04'),
(100014, 100003, 100004, 'Y', '2016-01-15 16:59:06', '2016-01-15 16:59:06'),
(100015, 100003, 100004, 'Y', '2016-01-15 16:59:08', '2016-01-15 16:59:08'),
(100016, 100003, 100004, 'Y', '2016-01-15 16:59:09', '2016-01-15 16:59:09'),
(100017, 100003, 100004, 'Y', '2016-01-15 17:15:03', '2016-01-15 17:15:03'),
(100018, 100003, 100004, 'N', '2016-01-15 17:15:25', '2016-01-15 17:15:25'),
(100019, 100006, 100004, 'Y', '2016-01-15 20:10:57', '2016-01-15 20:10:57'),
(100020, 100006, 100004, 'N', '2016-01-15 20:11:58', '2016-01-15 20:11:58');

-- --------------------------------------------------------

--
-- 테이블 구조 `ProductInfo`
--

CREATE TABLE IF NOT EXISTS `ProductInfo` (
  `PrdCode` int(6) NOT NULL DEFAULT '0' COMMENT 'PrdCode',
  `PrdShopCode` varchar(50) NOT NULL,
  `PrdBarcode` varchar(100) NOT NULL,
  `PrdName` varchar(300) DEFAULT NULL COMMENT 'PrdName',
  `PrdCategory` int(1) NOT NULL,
  `PrdCategory2` varchar(100) NOT NULL,
  `PrdSex` varchar(1) NOT NULL,
  `PrdAge` varchar(50) NOT NULL,
  `PrdPrice` int(10) DEFAULT NULL COMMENT 'PrdPrice',
  `PrdDetail` varchar(1000) NOT NULL,
  `ShopCode` int(6) DEFAULT NULL COMMENT 'ShopCode',
  `PrdImage` varchar(200) NOT NULL,
  `PrdUrl` varchar(1000) NOT NULL,
  `RegDate` datetime DEFAULT NULL COMMENT 'RegDate',
  `ModDate` datetime DEFAULT NULL COMMENT 'ModDate',
  PRIMARY KEY (`PrdCode`)
) ENGINE=MyISAM DEFAULT CHARSET=euckr COMMENT='ProductInfo';

--
-- 테이블의 덤프 데이터 `ProductInfo`
--

INSERT INTO `ProductInfo` (`PrdCode`, `PrdShopCode`, `PrdBarcode`, `PrdName`, `PrdCategory`, `PrdCategory2`, `PrdSex`, `PrdAge`, `PrdPrice`, `PrdDetail`, `ShopCode`, `PrdImage`, `PrdUrl`, `RegDate`, `ModDate`) VALUES
(100001, 'BF5Y51004H', '8801675572364', '블루 애니다운 하프점퍼', 1, 'OUTER', 'W', '20,30', 699000, '', 100001, '100001.jpg', 'http://www.ssfshop.com/public/goods/detail/GM0015100755614/view?cate=SFMA02', '2016-01-05 17:46:00', '2016-01-05 17:46:00'),
(100002, 'BF5Y51005H', '', '더블버튼 울코트', 1, 'OUTER', 'W', '20,30', 129900, '', 100001, '100002.jpg', 'http://www.ssfshop.com/public/goods/detail/GM0015101256091/view?cate=SFMA02', '2016-01-05 17:46:00', '2016-01-05 17:46:00'),
(100003, 'BF5Y51006H', '8801376039005', '베이지 애니다운 하프 점퍼', 1, 'OUTER', 'W', '30,40', 699000, '', 100001, '100003.jpg', 'http://www.ssfshop.com/public/goods/detail/GM0015102057316/view?cate=SFMA02', '2016-01-05 17:46:00', '2016-01-05 17:46:00'),
(100004, 'BF5Y51007H', '8801675558269', '아이보리 코튼 기모 팬츠', 2, 'PANTS', 'W', '30,40', 167300, '', 100001, '100004.jpg', 'http://www.ssfshop.com/public/goods/detail/GM0015101556648/view?cate=SFMA02A04', '2016-01-05 17:46:00', '2016-01-05 17:46:00'),
(100005, 'BF5Y51008H', '', '스위트 멀티 프린트 스웨트 셔츠', 1, 'SHIRTS', 'W', '20,30,40', 39900, '', 100001, '100005.jpg', 'http://www.ssfshop.com/public/goods/detail/GM0016010480930/view?cate=SFMA02A01', '2016-01-05 17:46:00', '2016-01-05 17:46:00'),
(100006, 'BF5Y51009H', '', '인조스웨이드 풀지퍼 재킷', 1, 'OUTER', 'W', '', 209000, '', 100002, '100006.jpg', 'http://www.ralphlauren.co.kr/women/shop-by-category/polos-knits-68/faux-suede-full-zip-jacket-949521/949641#1452063069050', '2016-01-05 17:46:00', '2016-01-05 17:46:00'),
(100007, 'BF5Y51010H', '', '턴락 울 혼방 카디건', 1, 'CARDIGAN', 'W', '', 289000, '', 100002, '100007.jpg', 'http://www.ralphlauren.co.kr/women/shop-by-category/sweaters-68/turn-lock-wool-blend-cardigan-917069/917252#1452063177897', '2016-01-05 17:46:00', '2016-01-05 17:46:00'),
(100008, 'BF5Y51011H', '', '인조 레더 트리밍 트렌치 코트', 1, 'OUTER', 'W', '', 269000, '', 100002, '100008.jpg', 'http://www.ralphlauren.co.kr/women/shop-by-category/jackets-and-outerwear-68/faux-leather-trim-trench-coat-882471/882635#1452063574448', '2016-01-05 17:46:00', '2016-01-05 17:46:00'),
(100009, 'BF5Y51012H', '', '브룩 스키니 치노 팬츠', 2, 'PANTS', 'W', '', 209000, '', 100002, '100009.jpg', 'http://www.ralphlauren.co.kr/women/shop-by-category/bottoms-68/brooke-skinny-chino-pant-864644/865494#1452064041059', '2016-01-05 17:46:00', '2016-01-05 17:46:00'),
(100010, 'BF5Y51013H', '', '윈도페인 울 플란넬 스커트', 2, 'SKIRT', 'W', '', 189000, '', 100002, '100010.jpg', 'http://www.ralphlauren.co.kr/women/shop-by-category/skirts-68/windowpane-wool-flannel-skirt-1010507/1010537#1452064332037', '2016-01-05 17:46:00', '2016-01-05 17:46:00'),
(100011, 'BC5938011R', '', '네이비 라쿤퍼 다운점퍼', 1, 'OUTER', 'M', '20,30', 292600, '', 100001, '100011.jpg', 'http://www.ssfshop.com/public/goods/detail/GM0015101255968/view', '2016-01-12 19:46:43', '2016-01-12 19:46:43'),
(100012, 'BC5X38001R', '', '네이비 화이트라쿤퍼 다운 점퍼', 1, 'OUTER', 'M', '20,30', 418600, '', 100001, '100012.jpg', 'http://www.ssfshop.com/public/goods/detail/GM0015102758259/view?cate=SFMA01', '2016-01-12 19:46:43', '2016-01-12 19:46:43'),
(100013, 'BC5Y64C02M', '', '그린 브러쉬 체크 셔츠', 1, 'SHIRTS', 'M', '30,40', 103600, '', 100001, '100013.jpg', 'http://www.ssfshop.com/public/goods/detail/GM0015111359530/view?cate=SFMA01A02', '2016-01-12 19:46:43', '2016-01-12 19:46:43'),
(100014, 'BC6151A03G', '', '머스타드 라운드넥 니트 풀오버', 1, 'CARDIGAN', 'M', '30,40', 198000, '', 100001, '100014.jpg', 'http://www.ssfshop.com/public/goods/detail/GM0015123080765/view?cate=SFMA01A03', '2016-01-12 19:46:43', '2016-01-12 19:46:43'),
(100015, 'BC6121C06P', '', '블루 워싱 진', 2, 'PANTS', 'M', '20,30,40', 188000, '', 100001, '100015.jpg', 'http://www.ssfshop.com/public/goods/detail/GM0015122480617/view?cate=SFMA01A04A01', '2016-01-12 19:46:43', '2016-01-12 19:46:43');

-- --------------------------------------------------------

--
-- 테이블 구조 `ProductOption`
--

CREATE TABLE IF NOT EXISTS `ProductOption` (
  `OptionCode` int(6) NOT NULL DEFAULT '0' COMMENT 'OptionCode',
  `PrdCode` int(6) DEFAULT NULL COMMENT 'PrdCode',
  `PrdSize` varchar(3) DEFAULT NULL COMMENT 'PrdSize',
  `PrdColor` varchar(6) DEFAULT NULL COMMENT 'PrdColor',
  `PrdStock` int(10) DEFAULT NULL COMMENT 'PrdStock',
  `RegDate` datetime DEFAULT NULL COMMENT 'RegDate',
  `ModDate` datetime DEFAULT NULL COMMENT 'ModDate',
  PRIMARY KEY (`OptionCode`)
) ENGINE=MyISAM DEFAULT CHARSET=euckr COMMENT='ProductOption';

--
-- 테이블의 덤프 데이터 `ProductOption`
--

INSERT INTO `ProductOption` (`OptionCode`, `PrdCode`, `PrdSize`, `PrdColor`, `PrdStock`, `RegDate`, `ModDate`) VALUES
(100001, 100001, '90', 'ebceb1', 10, '2016-01-05 17:46:00', '2016-01-05 17:46:00'),
(100002, 100001, '95', 'ebceb1', 7, '2016-01-05 17:46:00', '2016-01-05 17:46:00'),
(100003, 100001, '100', 'ebceb1', 10, '2016-01-05 17:46:00', '2016-01-05 17:46:00'),
(100004, 100001, '90', '000000', 10, '2016-01-05 17:46:00', '2016-01-05 17:46:00'),
(100005, 100001, '95', '000000', 7, '2016-01-05 17:46:00', '2016-01-05 17:46:00'),
(100006, 100001, '100', '000000', 15, '2016-01-05 17:46:00', '2016-01-05 17:46:00'),
(100007, 100001, '90', '089acc', 10, '2016-01-05 17:46:00', '2016-01-05 17:46:00'),
(100008, 100001, '95', '089acc', 3, '2016-01-05 17:46:00', '2016-01-05 17:46:00'),
(100009, 100001, '100', '089acc', 10, '2016-01-05 17:46:00', '2016-01-05 17:46:00'),
(100010, 100002, 'S', 'd3a125', 10, '2016-01-05 17:46:00', '2016-01-05 17:46:00'),
(100011, 100002, 'M', 'd3a125', 10, '2016-01-05 17:46:00', '2016-01-05 17:46:00'),
(100012, 100002, 'S', 'a92078', 10, '2016-01-05 17:46:00', '2016-01-05 17:46:00'),
(100013, 100002, 'M', 'a92078', 10, '2016-01-05 17:46:00', '2016-01-05 17:46:00'),
(100014, 100003, '90', 'ebceb1', 10, '2016-01-05 17:46:00', '2016-01-05 17:46:00'),
(100015, 100003, '95', 'ebceb1', 10, '2016-01-05 17:46:00', '2016-01-05 17:46:00'),
(100016, 100003, '100', 'ebceb1', 10, '2016-01-05 17:46:00', '2016-01-05 17:46:00'),
(100017, 100003, '90', '000000', 10, '2016-01-05 17:46:00', '2016-01-05 17:46:00'),
(100018, 100003, '95', '000000', 10, '2016-01-05 17:46:00', '2016-01-05 17:46:00'),
(100019, 100003, '100', '000000', 10, '2016-01-05 17:46:00', '2016-01-05 17:46:00'),
(100020, 100003, '90', '089acc', 10, '2016-01-05 17:46:00', '2016-01-05 17:46:00'),
(100021, 100003, '95', '089acc', 10, '2016-01-05 17:46:00', '2016-01-05 17:46:00'),
(100022, 100003, '100', '089acc', 30, '2016-01-05 17:46:00', '2016-01-05 17:46:00'),
(100023, 100004, '67', 'fff4c7', 10, '2016-01-05 17:46:00', '2016-01-05 17:46:00'),
(100024, 100004, '70', 'fff4c7', 10, '2016-01-05 17:46:00', '2016-01-05 17:46:00'),
(100025, 100004, '73', 'fff4c7', 10, '2016-01-05 17:46:00', '2016-01-05 17:46:00'),
(100026, 100004, '76', 'fff4c7', 10, '2016-01-05 17:46:00', '2016-01-05 17:46:00'),
(100027, 100004, '67', 'aa704b', 10, '2016-01-05 17:46:00', '2016-01-05 17:46:00'),
(100028, 100004, '70', 'aa704b', 10, '2016-01-05 17:46:00', '2016-01-05 17:46:00'),
(100029, 100004, '73', 'aa704b', 8, '2016-01-05 17:46:00', '2016-01-05 17:46:00'),
(100030, 100004, '76', 'aa704b', 10, '2016-01-05 17:46:00', '2016-01-05 17:46:00'),
(100031, 100004, '67', '7b885c', 10, '2016-01-05 17:46:00', '2016-01-05 17:46:00'),
(100032, 100004, '70', '7b885c', 10, '2016-01-05 17:46:00', '2016-01-05 17:46:00'),
(100033, 100004, '73', '7b885c', 10, '2016-01-05 17:46:00', '2016-01-05 17:46:00'),
(100034, 100004, '76', '7b885c', 10, '2016-01-05 17:46:00', '2016-01-05 17:46:00'),
(100035, 100004, '67', '0a1f89', 10, '2016-01-05 17:46:00', '2016-01-05 17:46:00'),
(100036, 100004, '70', '0a1f89', 10, '2016-01-05 17:46:00', '2016-01-05 17:46:00'),
(100037, 100004, '73', '0a1f89', 10, '2016-01-05 17:46:00', '2016-01-05 17:46:00'),
(100038, 100004, '76', '0a1f89', 10, '2016-01-05 17:46:00', '2016-01-05 17:46:00'),
(100039, 100005, 'S', 'ffffff', 10, '2016-01-05 17:46:00', '2016-01-05 17:46:00'),
(100040, 100005, 'M', '808080', 10, '2016-01-05 17:46:00', '2016-01-05 17:46:00'),
(100041, 100005, 'S', 'ffffff', 10, '2016-01-05 17:46:00', '2016-01-05 17:46:00'),
(100042, 100005, 'M', '808080', 10, '2016-01-05 17:46:00', '2016-01-05 17:46:00'),
(100043, 100006, 'XS', 'cc996c', 10, '2016-01-05 17:46:00', '2016-01-05 17:46:00'),
(100044, 100006, 'M', 'cc996c', 10, '2016-01-05 17:46:00', '2016-01-05 17:46:00'),
(100045, 100007, 'XXS', '615C58', 10, '2016-01-05 17:46:00', '2016-01-05 17:46:00'),
(100046, 100007, 'XS', '615C58', 10, '2016-01-05 17:46:00', '2016-01-05 17:46:00'),
(100047, 100007, 'S', '615C58', 10, '2016-01-05 17:46:00', '2016-01-05 17:46:00'),
(100048, 100007, 'M', '615C58', 10, '2016-01-05 17:46:00', '2016-01-05 17:46:00'),
(100049, 100007, 'L', '615C58', 10, '2016-01-05 17:46:00', '2016-01-05 17:46:00'),
(100050, 100008, 'XXS', 'EDD3BC', 10, '2016-01-05 17:46:00', '2016-01-05 17:46:00'),
(100051, 100008, 'XS', 'EDD3BC', 10, '2016-01-05 17:46:00', '2016-01-05 17:46:00'),
(100052, 100008, 'S', 'EDD3BC', 10, '2016-01-05 17:46:00', '2016-01-05 17:46:00'),
(100053, 100008, 'M', 'EDD3BC', 10, '2016-01-05 17:46:00', '2016-01-05 17:46:00'),
(100054, 100008, 'L', 'EDD3BC', 10, '2016-01-05 17:46:00', '2016-01-05 17:46:00'),
(100055, 100009, '0', 'BFB7B5', 10, '2016-01-05 17:46:00', '2016-01-05 17:46:00'),
(100056, 100009, '2', 'BFB7B5', 10, '2016-01-05 17:46:00', '2016-01-05 17:46:00'),
(100057, 100009, '4', 'BFB7B5', 10, '2016-01-05 17:46:00', '2016-01-05 17:46:00'),
(100058, 100009, '6', 'BFB7B5', 10, '2016-01-05 17:46:00', '2016-01-05 17:46:00'),
(100059, 100009, '8', 'BFB7B5', 10, '2016-01-05 17:46:00', '2016-01-05 17:46:00'),
(100060, 100009, '10', 'BFB7B5', 10, '2016-01-05 17:46:00', '2016-01-05 17:46:00'),
(100061, 100010, '0', 'DFD8C8', 10, '2016-01-05 17:46:00', '2016-01-05 17:46:00'),
(100062, 100010, '2', 'DFD8C8', 10, '2016-01-05 17:46:00', '2016-01-05 17:46:00'),
(100063, 100010, '4', 'DFD8C8', 10, '2016-01-05 17:46:00', '2016-01-05 17:46:00'),
(100064, 100010, '6', 'DFD8C8', 10, '2016-01-05 17:46:00', '2016-01-05 17:46:00'),
(100065, 100010, '8', 'DFD8C8', 10, '2016-01-05 17:46:00', '2016-01-05 17:46:00'),
(100082, 100011, '110', '0a1f89', 10, '2016-02-05 19:37:00', '2016-02-05 19:37:00'),
(100081, 100011, '105', '0a1f89', 10, '2016-02-05 19:37:00', '2016-02-05 19:37:00'),
(100080, 100011, '100', '0a1f89', 10, '2016-02-05 19:37:00', '2016-02-05 19:37:00'),
(100079, 100011, '95', '0a1f89', 10, '2016-02-05 19:37:00', '2016-02-05 19:37:00'),
(100078, 100011, '90', '0a1f89', 10, '2016-02-05 19:37:00', '2016-02-05 19:37:00'),
(100077, 100011, '115', 'f80040', 10, '2016-02-05 19:37:00', '2016-02-05 19:37:00'),
(100076, 100011, '110', 'f80040', 10, '2016-02-05 19:37:00', '2016-02-05 19:37:00'),
(100075, 100011, '105', 'f80040', 10, '2016-02-05 19:37:00', '2016-02-05 19:37:00'),
(100074, 100011, '100', 'f80040', 10, '2016-02-05 19:37:00', '2016-02-05 19:37:00'),
(100073, 100011, '95', 'f80040', 10, '2016-02-05 19:37:00', '2016-02-05 19:37:00'),
(100072, 100011, '90', 'f80040', 10, '2016-02-05 19:37:00', '2016-02-05 19:37:00'),
(100071, 100011, '115', '000000', 10, '2016-02-05 19:37:00', '2016-02-05 19:37:00'),
(100070, 100011, '110', '000000', 10, '2016-02-05 19:37:00', '2016-02-05 19:37:00'),
(100069, 100011, '105', '000000', 10, '2016-02-05 19:37:00', '2016-02-05 19:37:00'),
(100068, 100011, '100', '000000', 10, '2016-02-05 19:37:00', '2016-02-05 19:37:00'),
(100067, 100011, '95', '000000', 10, '2016-02-05 19:37:00', '2016-02-05 19:37:00'),
(100066, 100011, '90', '000000', 10, '2016-02-05 19:37:00', '2016-02-05 19:37:00'),
(100083, 100011, '115', '0a1f89', 10, '2016-02-05 19:37:00', '2016-02-05 19:37:00'),
(100084, 100011, '90', 'd3a125', 10, '2016-02-05 19:37:00', '2016-02-05 19:37:00'),
(100085, 100011, '95', 'd3a125', 10, '2016-02-05 19:37:00', '2016-02-05 19:37:00'),
(100086, 100011, '100', 'd3a125', 10, '2016-02-05 19:37:00', '2016-02-05 19:37:00'),
(100087, 100011, '105', 'd3a125', 10, '2016-02-05 19:37:00', '2016-02-05 19:37:00'),
(100088, 100011, '110', 'd3a125', 10, '2016-02-05 19:37:00', '2016-02-05 19:37:00'),
(100089, 100011, '115', 'd3a125', 10, '2016-02-05 19:37:00', '2016-02-05 19:37:00'),
(100090, 100011, '90', '7b885c', 10, '2016-02-05 19:37:00', '2016-02-05 19:37:00'),
(100091, 100011, '95', '7b885c', 10, '2016-02-05 19:37:00', '2016-02-05 19:37:00'),
(100092, 100011, '100', '7b885c', 10, '2016-02-05 19:37:00', '2016-02-05 19:37:00'),
(100093, 100011, '105', '7b885c', 10, '2016-02-05 19:37:00', '2016-02-05 19:37:00'),
(100094, 100011, '110', '7b885c', 10, '2016-02-05 19:37:00', '2016-02-05 19:37:00'),
(100095, 100011, '115', '7b885c', 10, '2016-02-05 19:37:00', '2016-02-05 19:37:00'),
(100096, 100011, '90', '089acc', 10, '2016-02-05 19:37:00', '2016-02-05 19:37:00'),
(100097, 100011, '95', '089acc', 10, '2016-02-05 19:37:00', '2016-02-05 19:37:00'),
(100098, 100011, '100', '089acc', 10, '2016-02-05 19:37:00', '2016-02-05 19:37:00'),
(100099, 100011, '105', '089acc', 10, '2016-02-05 19:37:00', '2016-02-05 19:37:00'),
(100100, 100011, '110', '089acc', 10, '2016-02-05 19:37:00', '2016-02-05 19:37:00'),
(100101, 100011, '115', '089acc', 10, '2016-02-05 19:37:00', '2016-02-05 19:37:00'),
(100102, 100012, '90', '1b8056', 10, '2016-02-05 19:37:00', '2016-02-05 19:37:00'),
(100103, 100012, '95', '1b8056', 10, '2016-02-05 19:37:00', '2016-02-05 19:37:00'),
(100104, 100012, '100', '1b8056', 10, '2016-02-05 19:37:00', '2016-02-05 19:37:00'),
(100105, 100012, '105', '1b8056', 10, '2016-02-05 19:37:00', '2016-02-05 19:37:00'),
(100106, 100012, '110', '1b8056', 10, '2016-02-05 19:37:00', '2016-02-05 19:37:00'),
(100107, 100012, '115', '1b8056', 10, '2016-02-05 19:37:00', '2016-02-05 19:37:00'),
(100108, 100012, '90', '0a1f89', 10, '2016-02-05 19:37:00', '2016-02-05 19:37:00'),
(100109, 100012, '95', '0a1f89', 10, '2016-02-05 19:37:00', '2016-02-05 19:37:00'),
(100110, 100012, '100', '0a1f89', 10, '2016-02-05 19:37:00', '2016-02-05 19:37:00'),
(100111, 100012, '105', '0a1f89', 10, '2016-02-05 19:37:00', '2016-02-05 19:37:00'),
(100112, 100012, '110', '0a1f89', 10, '2016-02-05 19:37:00', '2016-02-05 19:37:00'),
(100113, 100012, '115', '0a1f89', 10, '2016-02-05 19:37:00', '2016-02-05 19:37:00'),
(100114, 100013, '95', 'fff4c7', 10, '2016-02-05 19:37:00', '2016-02-05 19:37:00'),
(100115, 100013, '100', 'fff4c7', 10, '2016-02-05 19:37:00', '2016-02-05 19:37:00'),
(100116, 100013, '105', 'fff4c7', 10, '2016-02-05 19:37:00', '2016-02-05 19:37:00'),
(100117, 100013, '110', 'fff4c7', 10, '2016-02-05 19:37:00', '2016-02-05 19:37:00'),
(100118, 100013, '95', '1b8056', 10, '2016-02-05 19:37:00', '2016-02-05 19:37:00'),
(100119, 100013, '100', '1b8056', 10, '2016-02-05 19:37:00', '2016-02-05 19:37:00'),
(100120, 100013, '105', '1b8056', 10, '2016-02-05 19:37:00', '2016-02-05 19:37:00'),
(100121, 100013, '110', '1b8056', 10, '2016-02-05 19:37:00', '2016-02-05 19:37:00'),
(100122, 100014, '95', 'd3a125', 10, '2016-02-05 19:37:00', '2016-02-05 19:37:00'),
(100123, 100014, '100', 'd3a125', 10, '2016-02-05 19:37:00', '2016-02-05 19:37:00'),
(100124, 100014, '105', 'd3a125', 10, '2016-02-05 19:37:00', '2016-02-05 19:37:00'),
(100125, 100014, '95', '089acc', 10, '2016-02-05 19:37:00', '2016-02-05 19:37:00'),
(100126, 100014, '100', '089acc', 10, '2016-02-05 19:37:00', '2016-02-05 19:37:00'),
(100127, 100014, '105', '089acc', 10, '2016-02-05 19:37:00', '2016-02-05 19:37:00'),
(100128, 100015, '76', '25436f', 10, '2016-02-05 19:37:00', '2016-02-05 19:37:00'),
(100129, 100015, '80', '25436f', 10, '2016-02-05 19:37:00', '2016-02-05 19:37:00'),
(100130, 100015, '82', '25436f', 1, '2016-02-05 19:37:00', '2016-02-05 19:37:00'),
(100131, 100015, '84', '25436f', 10, '2016-02-05 19:37:00', '2016-02-05 19:37:00'),
(100132, 100015, '86', '25436f', 10, '2016-02-05 19:37:00', '2016-02-05 19:37:00');

-- --------------------------------------------------------

--
-- 테이블 구조 `ProductPromotion`
--

CREATE TABLE IF NOT EXISTS `ProductPromotion` (
  `PrdCode` int(6) NOT NULL DEFAULT '0' COMMENT 'PrdCode',
  `PromotionType` int(3) DEFAULT NULL COMMENT 'PromotionType',
  `StartDate` datetime DEFAULT NULL COMMENT 'StartDate',
  `EndDate` datetime DEFAULT NULL COMMENT 'EndDate',
  `RegDate` datetime DEFAULT NULL COMMENT 'RegDate',
  `ModDate` datetime DEFAULT NULL COMMENT 'ModDate',
  PRIMARY KEY (`PrdCode`)
) ENGINE=MyISAM DEFAULT CHARSET=euckr COMMENT='ProductPromotion';

--
-- 테이블의 덤프 데이터 `ProductPromotion`
--

INSERT INTO `ProductPromotion` (`PrdCode`, `PromotionType`, `StartDate`, `EndDate`, `RegDate`, `ModDate`) VALUES
(100001, NULL, '2016-01-01 00:00:00', '2017-01-01 00:00:00', '2016-01-10 17:55:07', '2016-01-10 17:55:07'),
(100002, NULL, '2016-01-01 00:00:00', '2017-01-01 00:00:00', '2016-01-10 17:55:07', '2016-01-10 17:55:07');

-- --------------------------------------------------------

--
-- 테이블 구조 `ProductSearchLog`
--

CREATE TABLE IF NOT EXISTS `ProductSearchLog` (
  `LogCode` int(6) NOT NULL DEFAULT '0' COMMENT 'LogCode',
  `SearchMember` int(6) DEFAULT NULL COMMENT 'SearchMember',
  `SearchProduct` int(6) DEFAULT NULL COMMENT 'SearchProduct',
  `RegDate` datetime DEFAULT NULL COMMENT 'RegDate',
  `ModDate` datetime DEFAULT NULL COMMENT 'ModDate',
  PRIMARY KEY (`LogCode`)
) ENGINE=MyISAM DEFAULT CHARSET=euckr COMMENT='ProductSearchLog';

--
-- 테이블의 덤프 데이터 `ProductSearchLog`
--

INSERT INTO `ProductSearchLog` (`LogCode`, `SearchMember`, `SearchProduct`, `RegDate`, `ModDate`) VALUES
(100000, NULL, NULL, NULL, NULL),
(100001, 100001, 100001, '2016-01-06 19:28:20', '2016-01-06 19:28:20'),
(100002, 0, 100010, '2016-01-08 20:45:58', '2016-01-08 20:45:58'),
(100003, 0, 0, '2016-01-08 20:52:56', '2016-01-08 20:52:56'),
(100004, 0, 0, '2016-01-08 20:54:19', '2016-01-08 20:54:19'),
(100005, 0, 0, '2016-01-08 20:54:40', '2016-01-08 20:54:40'),
(100006, 0, 100001, '2016-01-08 20:56:09', '2016-01-08 20:56:09'),
(100007, 0, 100001, '2016-01-08 21:02:30', '2016-01-08 21:02:30'),
(100008, 0, 100001, '2016-01-08 21:04:44', '2016-01-08 21:04:44'),
(100009, 0, 100001, '2016-01-08 21:05:33', '2016-01-08 21:05:33'),
(100010, 0, 100001, '2016-01-08 21:18:40', '2016-01-08 21:18:40'),
(100011, 0, 100001, '2016-01-08 21:18:44', '2016-01-08 21:18:44'),
(100012, 0, 100001, '2016-01-08 21:19:05', '2016-01-08 21:19:05'),
(100013, 0, 100001, '2016-01-08 21:24:47', '2016-01-08 21:24:47'),
(100014, 0, 100001, '2016-01-08 21:24:54', '2016-01-08 21:24:54'),
(100015, 0, 100001, '2016-01-08 21:27:49', '2016-01-08 21:27:49'),
(100016, 0, 100001, '2016-01-08 21:27:53', '2016-01-08 21:27:53'),
(100017, 0, 100001, '2016-01-08 21:39:35', '2016-01-08 21:39:35'),
(100018, 0, 100001, '2016-01-08 21:51:54', '2016-01-08 21:51:54'),
(100019, 100003, 100001, '2016-01-08 22:18:48', '2016-01-08 22:18:48'),
(100020, 100003, 100001, '2016-01-08 22:22:10', '2016-01-08 22:22:10'),
(100021, 100003, 100001, '2016-01-08 22:29:25', '2016-01-08 22:29:25'),
(100022, 100003, 100001, '2016-01-08 22:30:48', '2016-01-08 22:30:48'),
(100023, 100003, 100001, '2016-01-08 23:13:35', '2016-01-08 23:13:35'),
(100024, 100003, 100001, '2016-01-08 23:18:16', '2016-01-08 23:18:16'),
(100025, 100003, 100001, '2016-01-08 23:18:20', '2016-01-08 23:18:20'),
(100026, 100003, 100001, '2016-01-08 23:28:31', '2016-01-08 23:28:31'),
(100027, 100003, 100001, '2016-01-08 23:36:56', '2016-01-08 23:36:56'),
(100028, 100003, 100001, '2016-01-08 23:51:15', '2016-01-08 23:51:15'),
(100029, 100003, 100001, '2016-01-09 00:18:02', '2016-01-09 00:18:02'),
(100030, 100003, 100001, '2016-01-09 00:34:38', '2016-01-09 00:34:38'),
(100031, 100003, 100001, '2016-01-09 00:35:52', '2016-01-09 00:35:52'),
(100032, 100003, 100001, '2016-01-09 00:41:49', '2016-01-09 00:41:49'),
(100033, 100003, 100001, '2016-01-09 00:43:37', '2016-01-09 00:43:37'),
(100034, 100003, 100001, '2016-01-09 00:45:23', '2016-01-09 00:45:23'),
(100035, 100003, 100001, '2016-01-09 00:47:05', '2016-01-09 00:47:05'),
(100036, 100003, 100001, '2016-01-09 00:48:24', '2016-01-09 00:48:24'),
(100037, 100003, 100001, '2016-01-09 00:51:18', '2016-01-09 00:51:18'),
(100038, 100003, 100001, '2016-01-09 00:53:20', '2016-01-09 00:53:20'),
(100039, 100003, 0, '2016-01-09 00:56:09', '2016-01-09 00:56:09'),
(100040, 100003, 100001, '2016-01-09 00:56:18', '2016-01-09 00:56:18'),
(100041, 100003, 100001, '2016-01-09 00:57:13', '2016-01-09 00:57:13'),
(100042, 100003, 100001, '2016-01-09 01:00:18', '2016-01-09 01:00:18'),
(100043, 100003, 100001, '2016-01-09 01:01:53', '2016-01-09 01:01:53'),
(100044, 100003, 0, '2016-01-09 01:04:11', '2016-01-09 01:04:11'),
(100045, 100003, 100001, '2016-01-09 01:04:16', '2016-01-09 01:04:16'),
(100046, 100003, 100001, '2016-01-09 01:22:42', '2016-01-09 01:22:42'),
(100047, 100003, 100001, '2016-01-09 01:25:45', '2016-01-09 01:25:45'),
(100048, 100003, 100001, '2016-01-09 01:26:49', '2016-01-09 01:26:49'),
(100049, 100003, 100001, '2016-01-09 01:27:45', '2016-01-09 01:27:45'),
(100050, 100003, 100001, '2016-01-09 01:28:11', '2016-01-09 01:28:11'),
(100051, 100003, 100001, '2016-01-09 01:29:46', '2016-01-09 01:29:46'),
(100052, 100003, 100001, '2016-01-09 01:31:17', '2016-01-09 01:31:17'),
(100053, 100003, 100001, '2016-01-09 16:16:35', '2016-01-09 16:16:35'),
(100054, 100003, 100001, '2016-01-09 16:19:13', '2016-01-09 16:19:13'),
(100055, 100003, 100001, '2016-01-09 16:20:11', '2016-01-09 16:20:11'),
(100056, 100003, 100001, '2016-01-09 16:24:51', '2016-01-09 16:24:51'),
(100057, 100003, 100001, '2016-01-09 18:08:31', '2016-01-09 18:08:31'),
(100058, 100003, 100001, '2016-01-09 19:32:32', '2016-01-09 19:32:32'),
(100059, 100003, 100001, '2016-01-09 19:34:13', '2016-01-09 19:34:13'),
(100060, 100003, 100001, '2016-01-09 19:37:21', '2016-01-09 19:37:21'),
(100061, 100003, 100001, '2016-01-09 19:39:02', '2016-01-09 19:39:02'),
(100062, 100003, 100001, '2016-01-09 19:39:20', '2016-01-09 19:39:20'),
(100063, 100003, 100001, '2016-01-09 19:52:03', '2016-01-09 19:52:03'),
(100064, 100003, 100001, '2016-01-09 19:52:22', '2016-01-09 19:52:22'),
(100065, 100003, 100001, '2016-01-09 19:54:18', '2016-01-09 19:54:18'),
(100066, 100003, 100001, '2016-01-09 19:56:05', '2016-01-09 19:56:05'),
(100067, 100003, 100001, '2016-01-09 19:57:44', '2016-01-09 19:57:44'),
(100068, 100003, 100001, '2016-01-09 20:02:54', '2016-01-09 20:02:54'),
(100069, 100003, 100001, '2016-01-09 20:06:28', '2016-01-09 20:06:28'),
(100070, 0, 0, '2016-01-09 21:24:52', '2016-01-09 21:24:52'),
(100071, 0, 100001, '2016-01-09 21:25:00', '2016-01-09 21:25:00'),
(100072, 100003, 100001, '2016-01-09 22:02:35', '2016-01-09 22:02:35'),
(100073, 100003, 0, '2016-01-09 22:04:45', '2016-01-09 22:04:45'),
(100074, 100003, 100001, '2016-01-09 22:04:50', '2016-01-09 22:04:50'),
(100075, 0, 100001, '2016-01-09 22:08:29', '2016-01-09 22:08:29'),
(100076, 100003, 100001, '2016-01-09 22:12:23', '2016-01-09 22:12:23'),
(100077, 100003, 100001, '2016-01-09 22:23:38', '2016-01-09 22:23:38'),
(100078, 100003, 100001, '2016-01-09 22:25:14', '2016-01-09 22:25:14'),
(100079, 100003, 100001, '2016-01-09 22:29:11', '2016-01-09 22:29:11'),
(100080, 100003, 100001, '2016-01-09 22:32:53', '2016-01-09 22:32:53'),
(100081, 100003, 100001, '2016-01-09 22:34:22', '2016-01-09 22:34:22'),
(100082, 100003, 100001, '2016-01-09 22:36:05', '2016-01-09 22:36:05'),
(100083, 100003, 100001, '2016-01-09 22:41:25', '2016-01-09 22:41:25'),
(100084, 100003, 100001, '2016-01-09 22:53:15', '2016-01-09 22:53:15'),
(100085, 100003, 100001, '2016-01-09 22:55:13', '2016-01-09 22:55:13'),
(100086, 100003, 100001, '2016-01-09 23:00:02', '2016-01-09 23:00:02'),
(100087, 100003, 0, '2016-01-09 23:02:36', '2016-01-09 23:02:36'),
(100088, 100003, 0, '2016-01-09 23:02:42', '2016-01-09 23:02:42'),
(100089, 100003, 0, '2016-01-09 23:02:47', '2016-01-09 23:02:47'),
(100090, 100003, 100001, '2016-01-09 23:02:55', '2016-01-09 23:02:55'),
(100091, 100003, 100001, '2016-01-09 23:10:07', '2016-01-09 23:10:07'),
(100092, 100003, 100001, '2016-01-09 23:10:56', '2016-01-09 23:10:56'),
(100093, 100003, 100001, '2016-01-09 23:26:20', '2016-01-09 23:26:20'),
(100094, 100003, 100001, '2016-01-10 01:11:11', '2016-01-10 01:11:11'),
(100095, 100003, 100001, '2016-01-10 02:51:44', '2016-01-10 02:51:44'),
(100096, 100003, 100001, '2016-01-10 02:51:59', '2016-01-10 02:51:59'),
(100097, 100003, 100001, '2016-01-10 03:30:22', '2016-01-10 03:30:22'),
(100098, 100003, 0, '2016-01-10 03:34:02', '2016-01-10 03:34:02'),
(100099, 100003, 100001, '2016-01-10 03:34:07', '2016-01-10 03:34:07'),
(100100, 100003, 100001, '2016-01-10 03:37:54', '2016-01-10 03:37:54'),
(100101, 100003, 100001, '2016-01-10 03:41:46', '2016-01-10 03:41:46'),
(100102, 100003, 100006, '2016-01-10 03:43:02', '2016-01-10 03:43:02'),
(100103, 100003, 100001, '2016-01-10 03:44:46', '2016-01-10 03:44:46'),
(100104, 100003, 100006, '2016-01-10 03:45:57', '2016-01-10 03:45:57'),
(100105, 100003, 100001, '2016-01-10 03:49:33', '2016-01-10 03:49:33'),
(100106, 100003, 100001, '2016-01-10 04:09:56', '2016-01-10 04:09:56'),
(100107, 100003, 100001, '2016-01-10 04:11:55', '2016-01-10 04:11:55'),
(100108, 100003, 100001, '2016-01-10 04:14:47', '2016-01-10 04:14:47'),
(100109, 100003, 100001, '2016-01-10 04:18:56', '2016-01-10 04:18:56'),
(100110, 100003, 100001, '2016-01-10 04:20:13', '2016-01-10 04:20:13'),
(100111, 100004, 100003, '2016-01-12 16:20:47', '2016-01-12 16:20:47'),
(100112, 100004, 0, '2016-01-12 16:21:16', '2016-01-12 16:21:16'),
(100113, 100004, 100001, '2016-01-12 16:21:27', '2016-01-12 16:21:27'),
(100114, 100004, 0, '2016-01-12 16:51:12', '2016-01-12 16:51:12'),
(100115, 100004, 0, '2016-01-12 16:51:27', '2016-01-12 16:51:27'),
(100116, 100004, 100006, '2016-01-12 16:51:44', '2016-01-12 16:51:44'),
(100117, 100004, 100006, '2016-01-12 16:54:19', '2016-01-12 16:54:19'),
(100118, 100004, 100001, '2016-01-12 17:22:25', '2016-01-12 17:22:25'),
(100119, 100004, 100001, '2016-01-12 17:22:42', '2016-01-12 17:22:42'),
(100120, 100004, 100001, '2016-01-12 17:30:26', '2016-01-12 17:30:26'),
(100121, 100004, 100003, '2016-01-12 17:37:05', '2016-01-12 17:37:05'),
(100122, 100004, 100001, '2016-01-12 17:38:15', '2016-01-12 17:38:15'),
(100123, 100004, 0, '2016-01-12 17:41:13', '2016-01-12 17:41:13'),
(100124, 100004, 100001, '2016-01-12 17:41:22', '2016-01-12 17:41:22'),
(100125, 100004, 0, '2016-01-12 17:45:12', '2016-01-12 17:45:12'),
(100126, 100004, 100001, '2016-01-12 17:45:24', '2016-01-12 17:45:24'),
(100127, 100004, 0, '2016-01-12 17:57:37', '2016-01-12 17:57:37'),
(100128, 100004, 100001, '2016-01-12 17:57:46', '2016-01-12 17:57:46'),
(100129, 100004, 100001, '2016-01-12 18:06:38', '2016-01-12 18:06:38'),
(100130, 100004, 100001, '2016-01-12 18:07:33', '2016-01-12 18:07:33'),
(100131, 100004, 0, '2016-01-12 18:07:58', '2016-01-12 18:07:58'),
(100132, 100004, 100006, '2016-01-12 18:08:10', '2016-01-12 18:08:10'),
(100133, 100004, 0, '2016-01-12 18:10:45', '2016-01-12 18:10:45'),
(100134, 100004, 100006, '2016-01-12 18:11:05', '2016-01-12 18:11:05'),
(100135, 100004, 0, '2016-01-12 18:11:39', '2016-01-12 18:11:39'),
(100136, 100004, 100003, '2016-01-12 18:12:07', '2016-01-12 18:12:07'),
(100137, 100004, 100006, '2016-01-12 18:12:19', '2016-01-12 18:12:19'),
(100138, 100004, 100006, '2016-01-12 18:23:45', '2016-01-12 18:23:45'),
(100139, 100004, 100006, '2016-01-12 18:30:44', '2016-01-12 18:30:44'),
(100140, 100004, 100003, '2016-01-12 18:30:59', '2016-01-12 18:30:59'),
(100141, 100004, 100003, '2016-01-12 18:38:48', '2016-01-12 18:38:48'),
(100142, 100001, 100004, '2016-01-12 20:08:33', '2016-01-12 20:08:33'),
(100143, 100001, 100011, '2016-01-12 20:08:33', '2016-01-12 20:08:33'),
(100144, 100001, 100012, '2016-01-12 20:08:33', '2016-01-12 20:08:33'),
(100145, 100001, 100013, '2016-01-12 20:08:33', '2016-01-12 20:08:33'),
(100146, 100001, 100002, '2016-01-13 01:58:59', '2016-01-13 01:58:59'),
(100147, 100001, 100004, '2016-01-13 01:58:59', '2016-01-13 01:58:59'),
(100148, 100001, 100005, '2016-01-13 01:58:59', '2016-01-13 01:58:59'),
(100149, 100001, 100014, '2016-01-13 01:58:59', '2016-01-13 01:58:59'),
(100150, 100001, 100015, '2016-01-13 01:58:59', '2016-01-13 01:58:59'),
(100151, 100003, 100006, '2016-01-13 02:46:54', '2016-01-13 02:46:54'),
(100152, 100003, 100006, '2016-01-13 02:53:08', '2016-01-13 02:53:08'),
(100153, 100003, 100003, '2016-01-13 02:53:20', '2016-01-13 02:53:20'),
(100154, 100003, 100003, '2016-01-13 02:53:30', '2016-01-13 02:53:30'),
(100155, 100003, 100003, '2016-01-13 02:56:59', '2016-01-13 02:56:59'),
(100156, 100003, 100003, '2016-01-13 02:57:10', '2016-01-13 02:57:10'),
(100157, 100004, 0, '2016-01-13 16:18:22', '2016-01-13 16:18:22'),
(100158, 100004, 0, '2016-01-13 16:18:30', '2016-01-13 16:18:30'),
(100159, 100004, 0, '2016-01-13 16:18:41', '2016-01-13 16:18:41'),
(100160, 100004, 100003, '2016-01-13 16:19:00', '2016-01-13 16:19:00'),
(100161, 100003, 100003, '2016-01-13 18:42:06', '2016-01-13 18:42:06'),
(100162, 100003, 100003, '2016-01-13 18:42:13', '2016-01-13 18:42:13'),
(100163, 100003, 100003, '2016-01-13 19:32:46', '2016-01-13 19:32:46'),
(100164, 100003, 100006, '2016-01-13 19:32:56', '2016-01-13 19:32:56'),
(100165, 100003, 100006, '2016-01-13 19:38:52', '2016-01-13 19:38:52'),
(100166, 100003, 100006, '2016-01-13 19:39:06', '2016-01-13 19:39:06'),
(100167, 100003, 100006, '2016-01-13 19:42:28', '2016-01-13 19:42:28'),
(100168, 100003, 100006, '2016-01-13 19:42:36', '2016-01-13 19:42:36'),
(100169, 100003, 100006, '2016-01-13 19:44:18', '2016-01-13 19:44:18'),
(100170, 100003, 0, '2016-01-13 19:44:26', '2016-01-13 19:44:26'),
(100171, 100003, 100003, '2016-01-13 19:44:36', '2016-01-13 19:44:36'),
(100172, 100003, 100003, '2016-01-13 19:46:25', '2016-01-13 19:46:25'),
(100173, 100003, 100006, '2016-01-13 19:46:31', '2016-01-13 19:46:31'),
(100174, 100003, 100006, '2016-01-13 19:47:46', '2016-01-13 19:47:46'),
(100175, 100003, 100006, '2016-01-13 19:47:54', '2016-01-13 19:47:54'),
(100176, 100003, 100006, '2016-01-13 19:53:34', '2016-01-13 19:53:34'),
(100177, 100003, 100003, '2016-01-13 19:53:42', '2016-01-13 19:53:42'),
(100178, 100003, 100003, '2016-01-13 19:57:52', '2016-01-13 19:57:52'),
(100179, 100003, 100006, '2016-01-13 19:57:57', '2016-01-13 19:57:57'),
(100180, 100003, 100006, '2016-01-13 20:01:14', '2016-01-13 20:01:14'),
(100181, 100003, 100003, '2016-01-13 20:01:22', '2016-01-13 20:01:22'),
(100182, 100003, 100003, '2016-01-13 20:24:31', '2016-01-13 20:24:31'),
(100183, 100003, 100003, '2016-01-13 20:24:45', '2016-01-13 20:24:45'),
(100184, 100003, 100003, '2016-01-13 20:34:19', '2016-01-13 20:34:19'),
(100185, 100003, 100003, '2016-01-13 20:35:44', '2016-01-13 20:35:44'),
(100186, 100003, 100003, '2016-01-13 20:50:32', '2016-01-13 20:50:32'),
(100187, 100003, 100003, '2016-01-13 21:26:29', '2016-01-13 21:26:29'),
(100188, 100003, 100003, '2016-01-13 21:27:38', '2016-01-13 21:27:38'),
(100189, 100003, 100003, '2016-01-13 21:30:51', '2016-01-13 21:30:51'),
(100190, 100003, 100003, '2016-01-13 21:51:52', '2016-01-13 21:51:52'),
(100191, 100003, 100006, '2016-01-13 21:52:52', '2016-01-13 21:52:52'),
(100192, 100003, 100006, '2016-01-13 21:59:32', '2016-01-13 21:59:32'),
(100193, 100003, 100006, '2016-01-13 22:03:46', '2016-01-13 22:03:46'),
(100194, 100003, 100003, '2016-01-13 22:03:56', '2016-01-13 22:03:56'),
(100195, 100003, 100003, '2016-01-13 22:04:23', '2016-01-13 22:04:23'),
(100196, 100003, 100003, '2016-01-13 22:08:35', '2016-01-13 22:08:35'),
(100197, 100003, 100003, '2016-01-13 22:10:43', '2016-01-13 22:10:43'),
(100198, 100003, 100003, '2016-01-13 22:30:51', '2016-01-13 22:30:51'),
(100199, 100003, 100003, '2016-01-13 22:57:50', '2016-01-13 22:57:50'),
(100200, 100003, 100003, '2016-01-13 23:06:43', '2016-01-13 23:06:43'),
(100201, 100003, 100003, '2016-01-13 23:16:14', '2016-01-13 23:16:14'),
(100202, 100003, 100006, '2016-01-13 23:16:21', '2016-01-13 23:16:21'),
(100203, 100004, 100003, '2016-01-15 14:15:18', '2016-01-15 14:15:18'),
(100204, 100004, 100003, '2016-01-15 14:42:29', '2016-01-15 14:42:29'),
(100205, 100004, 0, '2016-01-15 14:42:41', '2016-01-15 14:42:41'),
(100206, 100004, 100003, '2016-01-15 14:47:16', '2016-01-15 14:47:16'),
(100207, 0, 100001, '2016-01-15 14:53:01', '2016-01-15 14:53:01'),
(100208, 0, 0, '2016-01-15 14:53:21', '2016-01-15 14:53:21'),
(100209, 0, 100001, '2016-01-15 14:54:58', '2016-01-15 14:54:58'),
(100210, 100004, 100003, '2016-01-15 16:07:36', '2016-01-15 16:07:36'),
(100211, 100004, 100006, '2016-01-15 16:08:09', '2016-01-15 16:08:09'),
(100212, 100004, 100006, '2016-01-15 16:08:50', '2016-01-15 16:08:50'),
(100213, 100004, 100003, '2016-01-15 16:09:02', '2016-01-15 16:09:02'),
(100214, 100004, 100001, '2016-01-15 16:09:10', '2016-01-15 16:09:10'),
(100215, 100004, 100006, '2016-01-15 16:43:51', '2016-01-15 16:43:51'),
(100216, 100004, 100003, '2016-01-15 16:47:41', '2016-01-15 16:47:41'),
(100217, 100004, 100003, '2016-01-15 16:51:36', '2016-01-15 16:51:36'),
(100218, 100004, 100003, '2016-01-15 16:51:44', '2016-01-15 16:51:44'),
(100219, 100004, 100003, '2016-01-15 16:52:31', '2016-01-15 16:52:31'),
(100220, 100004, 100003, '2016-01-15 16:52:33', '2016-01-15 16:52:33'),
(100221, 100004, 100003, '2016-01-15 16:52:37', '2016-01-15 16:52:37'),
(100222, 100004, 100003, '2016-01-15 16:52:43', '2016-01-15 16:52:43'),
(100223, 100004, 100003, '2016-01-15 16:55:15', '2016-01-15 16:55:15'),
(100224, 100004, 100003, '2016-01-15 16:55:27', '2016-01-15 16:55:27'),
(100225, 100004, 100003, '2016-01-15 16:58:00', '2016-01-15 16:58:00'),
(100226, 100004, 100003, '2016-01-15 16:58:07', '2016-01-15 16:58:07'),
(100227, 100004, 100003, '2016-01-15 16:58:14', '2016-01-15 16:58:14'),
(100228, 100004, 100003, '2016-01-15 16:58:35', '2016-01-15 16:58:35'),
(100229, 100004, 100003, '2016-01-15 16:59:25', '2016-01-15 16:59:25'),
(100230, 100004, 100003, '2016-01-15 17:04:43', '2016-01-15 17:04:43'),
(100231, 100004, 100003, '2016-01-15 17:09:06', '2016-01-15 17:09:06'),
(100232, 100004, 100003, '2016-01-15 17:09:17', '2016-01-15 17:09:17'),
(100233, 100004, 100003, '2016-01-15 17:09:23', '2016-01-15 17:09:23'),
(100234, 100004, 100003, '2016-01-15 17:09:26', '2016-01-15 17:09:26'),
(100235, 100004, 100003, '2016-01-15 17:09:30', '2016-01-15 17:09:30'),
(100236, 100004, 100003, '2016-01-15 17:09:34', '2016-01-15 17:09:34'),
(100237, 100004, 100003, '2016-01-15 17:10:29', '2016-01-15 17:10:29'),
(100238, 100004, 100003, '2016-01-15 17:10:31', '2016-01-15 17:10:31'),
(100239, 100004, 100003, '2016-01-15 17:10:33', '2016-01-15 17:10:33'),
(100240, 100004, 100003, '2016-01-15 17:10:40', '2016-01-15 17:10:40'),
(100241, 100004, 100003, '2016-01-15 17:11:02', '2016-01-15 17:11:02'),
(100242, 100004, 100003, '2016-01-15 17:11:11', '2016-01-15 17:11:11'),
(100243, 100004, 100003, '2016-01-15 17:14:20', '2016-01-15 17:14:20'),
(100244, 100004, 100003, '2016-01-15 17:14:24', '2016-01-15 17:14:24'),
(100245, 100004, 100003, '2016-01-15 17:14:27', '2016-01-15 17:14:27'),
(100246, 100004, 100003, '2016-01-15 17:14:57', '2016-01-15 17:14:57'),
(100247, 100004, 100003, '2016-01-15 17:15:18', '2016-01-15 17:15:18'),
(100248, 100004, 100003, '2016-01-15 17:15:23', '2016-01-15 17:15:23'),
(100249, 100004, 100003, '2016-01-15 17:15:27', '2016-01-15 17:15:27'),
(100250, 100004, 100003, '2016-01-15 17:15:40', '2016-01-15 17:15:40'),
(100251, 100004, 100003, '2016-01-15 17:16:42', '2016-01-15 17:16:42'),
(100252, 100004, 100003, '2016-01-15 17:39:12', '2016-01-15 17:39:12'),
(100253, 100004, 100003, '2016-01-15 17:39:15', '2016-01-15 17:39:15'),
(100254, 100004, 100003, '2016-01-15 17:44:17', '2016-01-15 17:44:17'),
(100255, 100004, 100003, '2016-01-15 17:53:47', '2016-01-15 17:53:47'),
(100256, 100004, 100003, '2016-01-15 17:53:50', '2016-01-15 17:53:50'),
(100257, 100004, 100003, '2016-01-15 17:55:10', '2016-01-15 17:55:10'),
(100258, 100004, 100003, '2016-01-15 17:59:13', '2016-01-15 17:59:13'),
(100259, 100004, 100003, '2016-01-15 17:59:17', '2016-01-15 17:59:17'),
(100260, 100004, 100003, '2016-01-15 18:01:17', '2016-01-15 18:01:17'),
(100261, 100004, 100003, '2016-01-15 18:01:19', '2016-01-15 18:01:19'),
(100262, 100004, 100003, '2016-01-15 18:02:52', '2016-01-15 18:02:52'),
(100263, 100004, 100003, '2016-01-15 18:03:04', '2016-01-15 18:03:04'),
(100264, 100004, 100003, '2016-01-15 18:03:17', '2016-01-15 18:03:17'),
(100265, 100004, 100003, '2016-01-15 18:03:20', '2016-01-15 18:03:20'),
(100266, 100004, 100003, '2016-01-15 18:04:47', '2016-01-15 18:04:47'),
(100267, 100004, 100003, '2016-01-15 18:04:50', '2016-01-15 18:04:50'),
(100268, 100004, 100003, '2016-01-15 18:06:15', '2016-01-15 18:06:15'),
(100269, 100004, 100003, '2016-01-15 18:06:17', '2016-01-15 18:06:17'),
(100270, 100004, 100003, '2016-01-15 18:06:19', '2016-01-15 18:06:19'),
(100271, 100004, 100003, '2016-01-15 18:06:22', '2016-01-15 18:06:22'),
(100272, 100004, 100003, '2016-01-15 18:11:31', '2016-01-15 18:11:31'),
(100273, 100004, 100003, '2016-01-15 18:11:48', '2016-01-15 18:11:48'),
(100274, 100004, 100003, '2016-01-15 18:11:50', '2016-01-15 18:11:50'),
(100275, 100004, 100003, '2016-01-15 18:13:42', '2016-01-15 18:13:42'),
(100276, 100004, 100003, '2016-01-15 18:13:46', '2016-01-15 18:13:46'),
(100277, 100004, 100003, '2016-01-15 18:13:54', '2016-01-15 18:13:54'),
(100278, 100004, 100003, '2016-01-15 18:13:56', '2016-01-15 18:13:56'),
(100279, 100004, 100003, '2016-01-15 18:15:42', '2016-01-15 18:15:42'),
(100280, 100004, 100003, '2016-01-15 18:15:45', '2016-01-15 18:15:45'),
(100281, 100004, 100003, '2016-01-15 18:16:35', '2016-01-15 18:16:35'),
(100282, 100004, 100003, '2016-01-15 18:16:37', '2016-01-15 18:16:37'),
(100283, 100004, 100003, '2016-01-15 18:16:48', '2016-01-15 18:16:48'),
(100284, 100004, 100003, '2016-01-15 18:16:50', '2016-01-15 18:16:50'),
(100285, 100004, 100003, '2016-01-15 18:16:52', '2016-01-15 18:16:52'),
(100286, 100004, 100003, '2016-01-15 18:16:57', '2016-01-15 18:16:57'),
(100287, 100004, 100003, '2016-01-15 18:17:05', '2016-01-15 18:17:05'),
(100288, 100004, 100003, '2016-01-15 18:17:07', '2016-01-15 18:17:07'),
(100289, 100004, 100003, '2016-01-15 18:17:29', '2016-01-15 18:17:29'),
(100290, 100004, 100003, '2016-01-15 18:17:34', '2016-01-15 18:17:34'),
(100291, 100004, 100003, '2016-01-15 20:02:53', '2016-01-15 20:02:53'),
(100292, 100004, 100003, '2016-01-15 20:02:58', '2016-01-15 20:02:58'),
(100293, 100004, 100003, '2016-01-15 20:03:06', '2016-01-15 20:03:06'),
(100294, 100004, 100003, '2016-01-15 20:03:16', '2016-01-15 20:03:16'),
(100295, 100004, 100003, '2016-01-15 20:03:24', '2016-01-15 20:03:24'),
(100296, 100004, 100003, '2016-01-15 20:03:33', '2016-01-15 20:03:33'),
(100297, 100004, 100003, '2016-01-15 20:05:04', '2016-01-15 20:05:04'),
(100298, 100004, 100003, '2016-01-15 20:05:12', '2016-01-15 20:05:12'),
(100299, 100004, 100003, '2016-01-15 20:05:40', '2016-01-15 20:05:40'),
(100300, 100004, 100006, '2016-01-15 20:09:31', '2016-01-15 20:09:31'),
(100301, 100004, 100003, '2016-01-15 20:10:48', '2016-01-15 20:10:48'),
(100302, 100004, 100006, '2016-01-15 20:10:48', '2016-01-15 20:10:48'),
(100303, 100004, 100006, '2016-01-15 20:11:00', '2016-01-15 20:11:00'),
(100304, 100004, 100003, '2016-01-15 20:11:00', '2016-01-15 20:11:00'),
(100305, 100004, 100006, '2016-01-15 20:11:04', '2016-01-15 20:11:04'),
(100306, 100004, 100006, '2016-01-15 20:11:17', '2016-01-15 20:11:17'),
(100307, 100004, 100006, '2016-01-15 20:11:44', '2016-01-15 20:11:44'),
(100308, 100004, 100003, '2016-01-15 20:11:52', '2016-01-15 20:11:52'),
(100309, 100004, 100006, '2016-01-15 20:12:00', '2016-01-15 20:12:00'),
(100310, 100004, 100006, '2016-01-15 20:12:37', '2016-01-15 20:12:37'),
(100311, 100004, 100003, '2016-01-15 20:12:37', '2016-01-15 20:12:37'),
(100312, 100004, 100006, '2016-01-15 20:13:19', '2016-01-15 20:13:19'),
(100313, 100004, 100003, '2016-01-15 20:13:33', '2016-01-15 20:13:33'),
(100314, 100004, 100006, '2016-01-15 20:14:46', '2016-01-15 20:14:46'),
(100315, 100004, 100006, '2016-01-15 20:14:46', '2016-01-15 20:14:46'),
(100316, 100004, 100006, '2016-01-15 20:14:52', '2016-01-15 20:14:52'),
(100317, 100004, 100006, '2016-01-15 20:14:52', '2016-01-15 20:14:52'),
(100318, 100004, 100003, '2016-01-15 20:14:52', '2016-01-15 20:14:52'),
(100319, 100004, 100004, '2016-01-15 20:15:00', '2016-01-15 20:15:00'),
(100320, 100004, 100003, '2016-01-15 20:15:02', '2016-01-15 20:15:02'),
(100321, 100004, 100004, '2016-01-15 20:15:02', '2016-01-15 20:15:02'),
(100322, 100004, 100004, '2016-01-15 20:15:02', '2016-01-15 20:15:02'),
(100323, 100004, 100003, '2016-01-15 20:15:05', '2016-01-15 20:15:05'),
(100324, 100004, 100004, '2016-01-15 20:15:05', '2016-01-15 20:15:05'),
(100325, 100004, 100004, '2016-01-15 20:15:18', '2016-01-15 20:15:18'),
(100326, 100004, 100004, '2016-01-15 20:15:29', '2016-01-15 20:15:29'),
(100327, 100004, 100003, '2016-01-15 20:15:29', '2016-01-15 20:15:29'),
(100328, 100004, 100004, '2016-01-15 20:15:32', '2016-01-15 20:15:32'),
(100329, 100004, 100004, '2016-01-15 20:15:35', '2016-01-15 20:15:35'),
(100330, 100004, 100003, '2016-01-15 20:15:35', '2016-01-15 20:15:35'),
(100331, 100004, 100003, '2016-01-15 20:15:59', '2016-01-15 20:15:59'),
(100332, 100004, 100003, '2016-01-15 20:20:56', '2016-01-15 20:20:56'),
(100333, 100004, 100004, '2016-01-15 20:21:08', '2016-01-15 20:21:08'),
(100334, 100004, 100004, '2016-01-15 20:26:09', '2016-01-15 20:26:09'),
(100335, 100004, 100004, '2016-01-15 20:29:39', '2016-01-15 20:29:39'),
(100336, 100004, 100004, '2016-01-15 20:38:42', '2016-01-15 20:38:42'),
(100337, 100004, 100003, '2016-01-15 20:39:13', '2016-01-15 20:39:13'),
(100338, 100004, 100015, '2016-01-15 20:40:12', '2016-01-15 20:40:12'),
(100339, 100004, 100004, '2016-01-15 20:40:52', '2016-01-15 20:40:52'),
(100340, 100004, 100003, '2016-01-15 20:40:58', '2016-01-15 20:40:58'),
(100341, 100004, 100004, '2016-01-15 20:42:19', '2016-01-15 20:42:19'),
(100342, 100004, 100003, '2016-01-15 20:42:52', '2016-01-15 20:42:52'),
(100343, 100004, 100003, '2016-01-15 20:44:10', '2016-01-15 20:44:10'),
(100344, 100004, 100004, '2016-01-15 20:44:27', '2016-01-15 20:44:27'),
(100345, 100004, 100004, '2016-01-15 20:52:27', '2016-01-15 20:52:27'),
(100346, 100004, 100003, '2016-01-15 20:52:32', '2016-01-15 20:52:32'),
(100347, 100004, 100015, '2016-01-15 20:53:44', '2016-01-15 20:53:44'),
(100348, 100004, 100004, '2016-01-15 20:54:30', '2016-01-15 20:54:30'),
(100349, 100004, 100003, '2016-01-15 20:54:41', '2016-01-15 20:54:41'),
(100350, 100004, 100003, '2016-01-15 20:59:02', '2016-01-15 20:59:02'),
(100351, 100004, 100004, '2016-01-15 20:59:13', '2016-01-15 20:59:13'),
(100352, 100004, 0, '2016-01-15 21:02:00', '2016-01-15 21:02:00'),
(100353, 100004, 0, '2016-01-15 21:02:13', '2016-01-15 21:02:13'),
(100354, 100004, 100004, '2016-01-15 21:02:22', '2016-01-15 21:02:22'),
(100355, 100004, 100001, '2016-01-15 21:06:41', '2016-01-15 21:06:41'),
(100356, 100004, 0, '2016-01-15 21:07:33', '2016-01-15 21:07:33'),
(100357, 100004, 100004, '2016-01-15 21:12:50', '2016-01-15 21:12:50'),
(100358, 100004, 100003, '2016-01-15 21:13:12', '2016-01-15 21:13:12'),
(100359, 100004, 100004, '2016-01-15 21:19:37', '2016-01-15 21:19:37'),
(100360, 100004, 100003, '2016-01-15 21:19:52', '2016-01-15 21:19:52'),
(100361, 100004, 100004, '2016-01-15 21:21:56', '2016-01-15 21:21:56'),
(100362, 100004, 100003, '2016-01-15 21:22:05', '2016-01-15 21:22:05'),
(100363, 100004, 100004, '2016-01-15 21:23:57', '2016-01-15 21:23:57'),
(100364, 100004, 100003, '2016-01-15 21:24:04', '2016-01-15 21:24:04'),
(100365, 100004, 100004, '2016-01-15 21:25:52', '2016-01-15 21:25:52'),
(100366, 100004, 100003, '2016-01-15 21:25:58', '2016-01-15 21:25:58'),
(100367, 100004, 100001, '2016-01-15 21:31:23', '2016-01-15 21:31:23'),
(100368, 100004, 100001, '2016-01-15 21:31:31', '2016-01-15 21:31:31'),
(100369, 100004, 100004, '2016-01-15 21:31:36', '2016-01-15 21:31:36'),
(100370, 100004, 100004, '2016-01-15 21:31:48', '2016-01-15 21:31:48'),
(100371, 100004, 0, '2016-01-15 21:32:00', '2016-01-15 21:32:00'),
(100372, 100004, 100004, '2016-01-15 21:46:55', '2016-01-15 21:46:55'),
(100373, 100004, 100003, '2016-01-15 21:47:16', '2016-01-15 21:47:16'),
(100374, 100004, 100003, '2016-01-15 21:51:11', '2016-01-15 21:51:11'),
(100375, 100004, 100004, '2016-01-15 21:51:43', '2016-01-15 21:51:43');

-- --------------------------------------------------------

--
-- 테이블 구조 `ShopBrand`
--

CREATE TABLE IF NOT EXISTS `ShopBrand` (
  `BrandCode` int(6) NOT NULL DEFAULT '0' COMMENT 'BrandCode',
  `BrandName` varchar(200) DEFAULT NULL COMMENT 'BrandName',
  `BrandImage` varchar(200) NOT NULL,
  `BrandWeight` int(3) NOT NULL,
  `BrandHeight` int(3) NOT NULL,
  `BrandAge` int(3) NOT NULL,
  `BrandSex` int(1) NOT NULL,
  `RegDate` datetime DEFAULT NULL COMMENT 'RegDate',
  `ModDate` datetime DEFAULT NULL COMMENT 'ModDate',
  PRIMARY KEY (`BrandCode`)
) ENGINE=MyISAM DEFAULT CHARSET=euckr COMMENT='ShopBrand';

--
-- 테이블의 덤프 데이터 `ShopBrand`
--

INSERT INTO `ShopBrand` (`BrandCode`, `BrandName`, `BrandImage`, `BrandWeight`, `BrandHeight`, `BrandAge`, `BrandSex`, `RegDate`, `ModDate`) VALUES
(100001, '빈폴', '100001.png', 40, 160, 30, 2, '2016-01-06 09:48:43', '2016-01-06 09:48:43'),
(100002, '랄프로렌', '100002.png', 40, 160, 30, 2, '2016-01-06 09:48:43', '2016-01-06 09:48:43');

-- --------------------------------------------------------

--
-- 테이블 구조 `ShopFittingRoom`
--

CREATE TABLE IF NOT EXISTS `ShopFittingRoom` (
  `FitRoomCode` int(6) NOT NULL DEFAULT '0' COMMENT 'FitRoomCode',
  `ShopCode` int(6) DEFAULT NULL COMMENT 'ShopCode',
  `FitRoomNum` int(6) DEFAULT NULL COMMENT 'FitRoomNum',
  `RegDate` datetime DEFAULT NULL COMMENT 'RegDate',
  `ModDate` datetime DEFAULT NULL COMMENT 'ModDate',
  PRIMARY KEY (`FitRoomCode`)
) ENGINE=MyISAM DEFAULT CHARSET=euckr COMMENT='ShopFittingRoom';

--
-- 테이블의 덤프 데이터 `ShopFittingRoom`
--

INSERT INTO `ShopFittingRoom` (`FitRoomCode`, `ShopCode`, `FitRoomNum`, `RegDate`, `ModDate`) VALUES
(100001, 100001, 1, '2016-01-06 14:41:21', '2016-01-06 14:41:21'),
(100002, 100001, 2, '2016-01-06 14:41:21', '2016-01-06 14:41:21'),
(100003, 100001, 3, '2016-01-06 14:41:21', '2016-01-06 14:41:21'),
(100004, 100002, 1, '2016-01-06 14:41:21', '2016-01-06 14:41:21'),
(100005, 100002, 2, '2016-01-06 14:41:21', '2016-01-06 14:41:21'),
(100006, 100002, 3, '2016-01-06 14:41:21', '2016-01-06 14:41:21');

-- --------------------------------------------------------

--
-- 테이블 구조 `ShopInfo`
--

CREATE TABLE IF NOT EXISTS `ShopInfo` (
  `ShopCode` int(6) NOT NULL DEFAULT '0' COMMENT 'ShopCode',
  `ShopName` varchar(200) DEFAULT NULL COMMENT 'ShopName',
  `BrandCode` int(6) DEFAULT NULL COMMENT 'BrandCode',
  `ShopImage` varchar(200) DEFAULT NULL COMMENT 'ShopImage',
  `RegDate` datetime DEFAULT NULL COMMENT 'RegDate',
  `ModDate` datetime DEFAULT NULL COMMENT 'ModDate',
  PRIMARY KEY (`ShopCode`)
) ENGINE=MyISAM DEFAULT CHARSET=euckr COMMENT='ShopInfo';

--
-- 테이블의 덤프 데이터 `ShopInfo`
--

INSERT INTO `ShopInfo` (`ShopCode`, `ShopName`, `BrandCode`, `ShopImage`, `RegDate`, `ModDate`) VALUES
(100001, '서울 청량리점', 100001, '100001.png', '2016-01-06 14:40:02', '2016-01-06 14:40:02'),
(100002, '서울 잠실점', 100002, '100002.png', '2016-01-06 14:40:02', '2016-01-06 14:40:02');
