-- phpMyAdmin SQL Dump
-- version 2.11.11
-- http://www.phpmyadmin.net
--
-- 호스트: h6.woobi.co.kr
-- 처리한 시간: 16-01-16 06:12 
-- 서버 버전: 5.1.73
-- PHP 버전: 5.2.17

SET SQL_MODE="NO_AUTO_VALUE_ON_ZERO";


/*!40101 SET @OLD_CHARACTER_SET_CLIENT=@@CHARACTER_SET_CLIENT */;
/*!40101 SET @OLD_CHARACTER_SET_RESULTS=@@CHARACTER_SET_RESULTS */;
/*!40101 SET @OLD_COLLATION_CONNECTION=@@COLLATION_CONNECTION */;
/*!40101 SET NAMES utf8 */;

--
-- 데이터베이스: `godeung`
--

-- --------------------------------------------------------

--
-- 테이블 구조 `ChangeRequest`
--

CREATE TABLE IF NOT EXISTS `ChangeRequest` (
  `ReqCode` int(6) NOT NULL DEFAULT '0' COMMENT 'ReqCode',
  `ReqMember` int(6) DEFAULT NULL COMMENT 'ReqMember',
  `RequestPrdOption` int(6) DEFAULT NULL COMMENT 'RequestPrdOption',
  `RequestPrdOption2` int(6) NOT NULL,
  `RequestPrdOption3` int(6) NOT NULL,
  `FtiRoomCode` int(6) NOT NULL,
  `ReqResult` int(3) DEFAULT NULL COMMENT 'ReqResult',
  `ReqClerkCode` int(6) DEFAULT NULL COMMENT 'ReqClerkCode',
  `LimitTime` datetime DEFAULT NULL COMMENT 'LimitTime',
  `RegDate` datetime DEFAULT NULL COMMENT 'RegDate',
  `ModDate` datetime DEFAULT NULL COMMENT 'ModDate',
  PRIMARY KEY (`ReqCode`)
) ENGINE=MyISAM DEFAULT CHARSET=euckr COMMENT='ChangeRequest';

--
-- 테이블의 덤프 데이터 `ChangeRequest`
--

INSERT INTO `ChangeRequest` (`ReqCode`, `ReqMember`, `RequestPrdOption`, `RequestPrdOption2`, `RequestPrdOption3`, `FtiRoomCode`, `ReqResult`, `ReqClerkCode`, `LimitTime`, `RegDate`, `ModDate`) VALUES
(0, 100003, 100009, 0, 0, 0, 201, 0, '2016-01-08 22:22:49', '2016-01-08 22:22:19', '2016-01-08 22:22:19'),
(100000, NULL, NULL, 0, 0, 0, NULL, NULL, NULL, NULL, NULL),
(100001, 100003, 100009, 0, 0, 0, 204, 0, '2016-01-08 22:29:36', '2016-01-08 22:29:06', '2016-01-08 22:29:06'),
(100002, 100003, 100009, 0, 0, 0, 201, 1, '2016-01-08 22:29:41', '2016-01-08 22:29:11', '2016-01-08 22:29:11'),
(100003, 100003, 100005, 0, 0, 0, 201, 0, '2016-01-08 22:29:58', '2016-01-08 22:29:28', '2016-01-08 22:29:28'),
(100004, 100003, 100005, 0, 0, 0, 201, 1, '2016-01-08 22:31:02', '2016-01-08 22:30:32', '2016-01-08 22:30:32'),
(100005, 100003, 100005, 0, 0, 0, 201, 1, '2016-01-08 22:31:04', '2016-01-08 22:30:34', '2016-01-08 22:30:34'),
(100006, 100003, 100005, 0, 0, 0, 201, 0, '2016-01-08 22:31:06', '2016-01-08 22:30:36', '2016-01-08 22:30:36'),
(100007, 100003, 100003, 0, 0, 0, 201, 0, '2016-01-08 22:31:22', '2016-01-08 22:30:52', '2016-01-08 22:30:52'),
(100008, 100003, 0, 0, 0, 0, 201, 0, '2016-01-08 22:32:41', '2016-01-08 22:32:11', '2016-01-08 22:32:11'),
(100009, 100003, 2147483647, 2147483647, 2147483647, 0, 201, 1, '2016-01-08 23:18:58', '2016-01-08 23:18:28', '2016-01-08 23:18:28'),
(100010, 100003, 100002, 100002, 100002, 0, 201, 0, '2016-01-08 23:29:05', '2016-01-08 23:28:35', '2016-01-08 23:28:35'),
(100011, 100003, 100006, 100006, 100006, 0, 201, 0, '2016-01-08 23:37:28', '2016-01-08 23:36:58', '2016-01-08 23:36:58'),
(100012, 100003, 100002, 100002, 100002, 0, 201, 0, '2016-01-08 23:51:49', '2016-01-08 23:51:19', '2016-01-08 23:51:19'),
(100013, 100003, 100003, 100003, 100003, 0, 201, 0, '2016-01-09 00:18:39', '2016-01-09 00:18:09', '2016-01-09 00:18:09'),
(100014, 100003, 100002, 100002, 100002, 0, 201, 0, '2016-01-09 00:35:14', '2016-01-09 00:34:44', '2016-01-09 00:34:44'),
(100015, 100003, 100006, 100006, 100006, 0, 201, 0, '2016-01-09 00:36:25', '2016-01-09 00:35:55', '2016-01-09 00:35:55'),
(100016, 100003, 100003, 100003, 100003, 0, 201, 1, '2016-01-09 00:42:23', '2016-01-09 00:41:53', '2016-01-09 00:41:53'),
(100017, 100003, 100008, 100008, 100008, 0, 201, 0, '2016-01-09 00:44:10', '2016-01-09 00:43:40', '2016-01-09 00:43:40'),
(100018, 100003, 100003, 100003, 100003, 0, 201, 0, '2016-01-09 00:45:56', '2016-01-09 00:45:26', '2016-01-09 00:45:26'),
(100019, 100003, 100009, 100009, 100009, 0, 201, 1, '2016-01-09 00:47:38', '2016-01-09 00:47:08', '2016-01-09 00:47:08'),
(100020, 100003, 100008, 100008, 100008, 0, 201, 0, '2016-01-09 00:48:58', '2016-01-09 00:48:28', '2016-01-09 00:48:28'),
(100021, 100003, 100006, 100006, 100006, 0, 201, 0, '2016-01-09 00:51:51', '2016-01-09 00:51:21', '2016-01-09 00:51:21'),
(100022, 100003, 100006, 100006, 100006, 0, 201, 1, '2016-01-09 00:53:53', '2016-01-09 00:53:23', '2016-01-09 00:53:23'),
(100023, 100003, 100005, 100005, 100005, 0, 201, 1, '2016-01-09 00:57:47', '2016-01-09 00:57:17', '2016-01-09 00:57:17'),
(100024, 100003, 100002, 100002, 100002, 0, 201, 0, '2016-01-09 01:00:52', '2016-01-09 01:00:22', '2016-01-09 01:00:22'),
(100025, 100003, 100002, 100002, 100002, 0, 201, 0, '2016-01-09 01:02:28', '2016-01-09 01:01:58', '2016-01-09 01:01:58'),
(100026, 100003, 100002, 100002, 100002, 0, 201, 0, '2016-01-09 01:03:16', '2016-01-09 01:02:46', '2016-01-09 01:02:46'),
(100027, 100003, 100002, 100002, 100002, 0, 201, 0, '2016-01-09 01:04:52', '2016-01-09 01:04:22', '2016-01-09 01:04:22'),
(100028, 100003, 100008, 100008, 100008, 0, 201, 1, '2016-01-09 01:23:19', '2016-01-09 01:22:49', '2016-01-09 01:22:49'),
(100029, 100003, 100003, 100003, 100003, 0, 201, 0, '2016-01-09 01:26:19', '2016-01-09 01:25:49', '2016-01-09 01:25:49'),
(100030, 100003, 100003, 100003, 100003, 0, 201, 0, '2016-01-09 01:26:35', '2016-01-09 01:26:05', '2016-01-09 01:26:05'),
(100031, 100003, 100002, 100002, 100002, 0, 201, 1, '2016-01-09 01:27:22', '2016-01-09 01:26:52', '2016-01-09 01:26:52'),
(100032, 100003, 100006, 100006, 100006, 0, 201, 1, '2016-01-09 01:28:17', '2016-01-09 01:27:47', '2016-01-09 01:27:47'),
(100033, 100003, 100006, 100006, 100006, 0, 201, 1, '2016-01-09 01:28:44', '2016-01-09 01:28:14', '2016-01-09 01:28:14'),
(100034, 100003, 100006, 100006, 100006, 0, 201, 1, '2016-01-09 01:30:20', '2016-01-09 01:29:50', '2016-01-09 01:29:50'),
(100035, 100003, 100003, 100003, 100003, 0, 201, 0, '2016-01-09 01:31:49', '2016-01-09 01:31:19', '2016-01-09 01:31:19'),
(100036, 100003, 100006, 100006, 100006, 0, 201, 0, '2016-01-09 16:17:09', '2016-01-09 16:16:39', '2016-01-09 16:16:39'),
(100037, 100003, 100006, 100006, 100006, 0, 201, 1, '2016-01-09 16:17:56', '2016-01-09 16:17:26', '2016-01-09 16:17:26'),
(100038, 100003, 100002, 100002, 100002, 0, 201, 1, '2016-01-09 16:19:46', '2016-01-09 16:19:16', '2016-01-09 16:19:16'),
(100039, 100003, 100003, 100003, 100003, 0, 201, 0, '2016-01-09 16:20:44', '2016-01-09 16:20:14', '2016-01-09 16:20:14'),
(100040, 100003, 100006, 100006, 100006, 0, 201, 1, '2016-01-09 16:25:23', '2016-01-09 16:24:53', '2016-01-09 16:24:53'),
(100041, 100003, 100006, 100006, 100006, 0, 201, 0, '2016-01-09 18:09:05', '2016-01-09 18:08:35', '2016-01-09 18:08:35'),
(100042, 100003, 100006, 100006, 100006, 0, 201, 1, '2016-01-09 18:09:28', '2016-01-09 18:08:58', '2016-01-09 18:08:58'),
(100043, 100003, 100002, 100002, 100002, 0, 201, 1, '2016-01-09 19:33:09', '2016-01-09 19:32:39', '2016-01-09 19:32:39'),
(100044, 100003, 100003, 100003, 100003, 0, 201, 1, '2016-01-09 19:34:46', '2016-01-09 19:34:16', '2016-01-09 19:34:16'),
(100045, 100003, 100006, 100006, 100006, 0, 201, 1, '2016-01-09 19:37:55', '2016-01-09 19:37:25', '2016-01-09 19:37:25'),
(100046, 100003, 100006, 100006, 100006, 0, 201, 0, '2016-01-09 19:39:36', '2016-01-09 19:39:06', '2016-01-09 19:39:06'),
(100047, 100003, 100004, 100004, 100004, 0, 201, 1, '2016-01-09 19:39:53', '2016-01-09 19:39:23', '2016-01-09 19:39:23'),
(100048, 100003, 100006, 100006, 100006, 0, 201, 0, '2016-01-09 19:53:03', '2016-01-09 19:52:33', '2016-01-09 19:52:33'),
(100049, 100003, 100006, 100006, 100006, 0, 201, 0, '2016-01-09 19:54:51', '2016-01-09 19:54:21', '2016-01-09 19:54:21'),
(100050, 100003, 100006, 100006, 100006, 0, 201, 0, '2016-01-09 19:56:44', '2016-01-09 19:56:14', '2016-01-09 19:56:14'),
(100051, 100003, 100003, 100003, 100003, 0, 201, 0, '2016-01-09 19:58:18', '2016-01-09 19:57:48', '2016-01-09 19:57:48'),
(100052, 100003, 100006, 100006, 100006, 0, 201, 1, '2016-01-09 20:03:27', '2016-01-09 20:02:57', '2016-01-09 20:02:57'),
(100053, 100003, 100008, 100008, 100008, 0, 201, 0, '2016-01-09 20:07:01', '2016-01-09 20:06:31', '2016-01-09 20:06:31'),
(100054, 100003, 100008, 100008, 100008, 0, 201, 0, '2016-01-09 22:03:16', '2016-01-09 22:02:46', '2016-01-09 22:02:46'),
(100055, 100003, 100006, 100006, 100006, 0, 201, 0, '2016-01-09 22:05:23', '2016-01-09 22:04:53', '2016-01-09 22:04:53'),
(100056, 100003, 100006, 100006, 100006, 0, 201, 0, '2016-01-09 22:12:56', '2016-01-09 22:12:26', '2016-01-09 22:12:26'),
(100057, 100003, 100008, 100008, 100008, 0, 201, 1, '2016-01-09 22:24:11', '2016-01-09 22:23:41', '2016-01-09 22:23:41'),
(100058, 100003, 100008, 100008, 100008, 0, 201, 1, '2016-01-09 22:25:48', '2016-01-09 22:25:18', '2016-01-09 22:25:18'),
(100074, 100003, 100006, 100006, 100006, 100001, 205, 100001, '2016-01-10 03:34:40', '2016-01-10 03:34:10', '2016-01-10 03:34:10'),
(100073, 100003, 100003, 100003, 100003, 100001, 206, 100002, '2016-01-10 03:30:55', '2016-01-10 03:30:25', '2016-01-10 03:30:25'),
(100072, 100003, 100007, 100007, 100007, 100001, 201, 100002, '2016-01-10 03:24:02', '2016-01-10 03:23:32', '2016-01-10 03:23:32'),
(100071, 100003, 100007, 100007, 100007, 100001, 201, 0, '2016-01-10 03:24:02', '2016-01-10 03:23:32', '2016-01-10 03:23:32'),
(100070, 100003, 100007, 100007, 100007, 100001, 201, 0, '2016-01-10 03:16:16', '2016-01-10 03:15:46', '2016-01-10 03:15:46'),
(100069, 100003, 100007, 100007, 100007, 100001, 201, 100001, '2016-01-10 03:12:31', '2016-01-10 03:12:01', '2016-01-10 03:12:01'),
(100068, 100003, 100007, 100007, 100007, 100001, 201, 0, '2016-01-10 03:12:10', '2016-01-10 03:11:40', '2016-01-10 03:11:40'),
(100067, 100003, 100007, 100007, 100007, 100001, 201, 100001, '2016-01-10 03:07:51', '2016-01-10 03:07:21', '2016-01-10 03:07:21'),
(100066, 100003, 100007, 100007, 100007, 100001, 201, 100002, '2016-01-10 03:07:33', '2016-01-10 03:07:03', '2016-01-10 03:07:03'),
(100065, 100003, 100007, 100007, 100007, 100001, 201, 100001, '2016-01-10 03:07:10', '2016-01-10 03:06:40', '2016-01-10 03:06:40'),
(100064, 100003, 100007, 100007, 100007, 100001, 201, 100002, '2016-01-10 03:06:40', '2016-01-10 03:06:10', '2016-01-10 03:06:10'),
(100063, 100003, 100007, 100007, 100007, 100001, 201, 100002, '2016-01-10 03:05:55', '2016-01-10 03:05:25', '2016-01-10 03:05:25'),
(100062, 100003, 100007, 100007, 100007, 100001, 201, 100002, '2016-01-10 03:05:33', '2016-01-10 03:05:03', '2016-01-10 03:05:03'),
(100061, 100003, 100007, 100007, 100007, 100001, 201, 100002, '2016-01-10 03:03:10', '2016-01-10 03:02:40', '2016-01-10 03:02:40'),
(100060, 100003, 100007, 100007, 100007, 100001, 205, 100001, '2016-01-10 03:01:35', '2016-01-10 03:01:05', '2016-01-10 03:01:05'),
(100059, 100003, 100007, 100007, 100007, 100001, 201, 0, '2016-01-10 02:59:39', '2016-01-10 02:59:09', '2016-01-10 02:59:09'),
(100075, 100003, 100008, 100008, 100008, 100001, 206, 100001, '2016-01-10 03:38:27', '2016-01-10 03:37:57', '2016-01-10 03:37:57'),
(100076, 100003, 100006, 100006, 100006, 100001, 201, 0, '2016-01-10 03:42:18', '2016-01-10 03:41:48', '2016-01-10 03:41:48'),
(100077, 100003, 100006, 100006, 100006, 100001, 205, 100002, '2016-01-10 03:42:35', '2016-01-10 03:42:05', '2016-01-10 03:42:05'),
(100078, 100003, 100044, 100044, 100044, 100001, 201, 100002, '2016-01-10 03:43:37', '2016-01-10 03:43:07', '2016-01-10 03:43:07'),
(100079, 100003, 100008, 100008, 100008, 100001, 205, 100002, '2016-01-10 03:45:20', '2016-01-10 03:44:50', '2016-01-10 03:44:50'),
(100080, 100003, 100044, 100044, 100044, 100001, 205, 100002, '2016-01-10 03:46:31', '2016-01-10 03:46:01', '2016-01-10 03:46:01'),
(100081, 100003, 100044, 100044, 100044, 100001, 201, 0, '2016-01-10 03:47:04', '2016-01-10 03:46:34', '2016-01-10 03:46:34'),
(100082, 100003, 100044, 100044, 100044, 100001, 205, 100001, '2016-01-10 03:47:37', '2016-01-10 03:47:07', '2016-01-10 03:47:07'),
(100083, 100003, 100008, 100008, 100008, 100001, 201, 0, '2016-01-10 03:50:08', '2016-01-10 03:49:38', '2016-01-10 03:49:38'),
(100084, 100003, 100008, 100008, 100008, 100001, 201, 0, '2016-01-10 03:50:47', '2016-01-10 03:50:17', '2016-01-10 03:50:17'),
(100085, 100003, 100008, 100008, 100008, 100001, 205, 100001, '2016-01-10 03:51:51', '2016-01-10 03:51:21', '2016-01-10 03:51:21'),
(100086, 100003, 100006, 100006, 100006, 100001, 201, 100002, '2016-01-10 04:10:30', '2016-01-10 04:10:00', '2016-01-10 04:10:00'),
(100087, 100003, 100006, 100006, 100006, 100001, 201, 100001, '2016-01-10 04:12:28', '2016-01-10 04:11:58', '2016-01-10 04:11:58'),
(100088, 100003, 100008, 100008, 100008, 100001, 205, 100002, '2016-01-10 04:15:19', '2016-01-10 04:14:49', '2016-01-10 04:14:49'),
(100089, 100003, 100002, 100002, 100002, 100001, 206, 100001, '2016-01-10 04:19:31', '2016-01-10 04:19:01', '2016-01-10 04:19:01'),
(100090, 100003, 100002, 100002, 100002, 100001, 201, 0, '2016-01-10 04:20:52', '2016-01-10 04:20:22', '2016-01-10 04:20:22'),
(100091, 100003, 100002, 100002, 100002, 100001, 201, 100001, '2016-01-10 04:21:11', '2016-01-10 04:20:41', '2016-01-10 04:20:41'),
(100092, 100003, 2147483647, 2147483647, 2147483647, 100001, 201, 0, '2016-01-13 20:04:54', '2016-01-13 20:04:24', '2016-01-13 20:04:24'),
(100093, 100003, 2147483647, 2147483647, 2147483647, 100001, 201, 0, '2016-01-13 20:25:45', '2016-01-13 20:25:15', '2016-01-13 20:25:15'),
(100094, 100003, 100019, 100019, 100019, 100001, 201, 100001, '2016-01-13 21:31:40', '2016-01-13 21:31:10', '2016-01-13 21:31:10'),
(100095, 100003, 100019, 100019, 100019, 100001, 201, 0, '2016-01-13 21:35:35', '2016-01-13 21:35:05', '2016-01-13 21:35:05'),
(100096, 100003, 100019, 100019, 100019, 100001, 201, 100001, '2016-01-13 21:35:37', '2016-01-13 21:35:07', '2016-01-13 21:35:07'),
(100097, 100003, 100019, 100043, 0, 100001, 201, 0, '2016-01-13 21:53:29', '2016-01-13 21:52:59', '2016-01-13 21:52:59'),
(100098, 0, 0, 0, 0, 0, 201, 100001, '2016-01-13 21:58:12', '2016-01-13 21:57:42', '2016-01-13 21:57:42'),
(100099, 100003, 100044, 0, 0, 100001, 201, 100001, '2016-01-13 22:00:08', '2016-01-13 21:59:38', '2016-01-13 21:59:38'),
(100100, 100003, 100044, 100020, 0, 100001, 201, 100001, '2016-01-13 22:05:16', '2016-01-13 22:04:46', '2016-01-13 22:04:46'),
(100101, 100003, 100021, 0, 0, 100001, 201, 0, '2016-01-13 22:09:09', '2016-01-13 22:08:39', '2016-01-13 22:08:39'),
(100102, 100003, 100016, 0, 0, 100001, 201, 100002, '2016-01-13 22:11:19', '2016-01-13 22:10:49', '2016-01-13 22:10:49'),
(100103, 100003, 100020, 0, 0, 100001, 203, 0, '2016-01-13 22:31:26', '2016-01-13 22:30:56', '2016-01-13 22:30:56'),
(100104, 100003, 100020, 0, 0, 100001, 203, 0, '2016-01-13 22:32:00', '2016-01-13 22:31:30', '2016-01-13 22:31:30'),
(100105, 100003, 100020, 0, 0, 100001, 203, 0, '2016-01-13 22:33:40', '2016-01-13 22:33:10', '2016-01-13 22:33:10'),
(100106, 100003, 100020, 0, 0, 100001, 203, 100002, '2016-01-13 22:36:06', '2016-01-13 22:35:36', '2016-01-13 22:35:36'),
(100107, 100003, 100020, 0, 0, 100001, 203, 100005, '2016-01-13 22:42:22', '2016-01-13 22:41:52', '2016-01-13 22:41:52'),
(100108, 100003, 100020, 0, 0, 100001, 203, 100002, '2016-01-13 22:51:54', '2016-01-13 22:51:24', '2016-01-13 22:51:24'),
(100109, 100003, 100020, 0, 0, 100001, 203, 100001, '2016-01-13 22:52:10', '2016-01-13 22:51:40', '2016-01-13 22:51:40'),
(100110, 100003, 100019, 0, 0, 100001, 203, 100002, '2016-01-13 22:58:23', '2016-01-13 22:57:53', '2016-01-13 22:57:53'),
(100111, 100003, 100019, 0, 0, 100001, 203, 100002, '2016-01-13 23:00:28', '2016-01-13 22:59:58', '2016-01-13 22:59:58'),
(100112, 100003, 100019, 0, 0, 100001, 203, 100005, '2016-01-13 23:03:51', '2016-01-13 23:03:21', '2016-01-13 23:03:21'),
(100113, 100003, 100019, 0, 0, 100001, 203, 100001, '2016-01-13 23:04:02', '2016-01-13 23:03:32', '2016-01-13 23:03:32'),
(100114, 100003, 100019, 0, 0, 100001, 203, 100002, '2016-01-13 23:04:12', '2016-01-13 23:03:42', '2016-01-13 23:03:42'),
(100115, 100003, 100021, 0, 0, 100001, 201, 100001, '2016-01-13 23:07:17', '2016-01-13 23:06:47', '2016-01-13 23:06:47'),
(100116, 100003, 100021, 0, 0, 100001, 201, 100001, '2016-01-13 23:10:07', '2016-01-13 23:09:37', '2016-01-13 23:09:37'),
(100117, 100003, 100021, 0, 0, 100001, 201, 100005, '2016-01-13 23:10:13', '2016-01-13 23:09:43', '2016-01-13 23:09:43'),
(100118, 100003, 100021, 0, 0, 100001, 201, 100001, '2016-01-13 23:10:16', '2016-01-13 23:09:46', '2016-01-13 23:09:46'),
(100119, 100003, 100021, 0, 0, 100001, 201, 100005, '2016-01-13 23:10:22', '2016-01-13 23:09:52', '2016-01-13 23:09:52'),
(100120, 100003, 100021, 0, 0, 100001, 201, 100005, '2016-01-13 23:10:29', '2016-01-13 23:09:59', '2016-01-13 23:09:59'),
(100121, 100003, 100021, 0, 0, 100001, 201, 100001, '2016-01-13 23:13:29', '2016-01-13 23:12:59', '2016-01-13 23:12:59'),
(100122, 100003, 100021, 0, 0, 100001, 201, 100005, '2016-01-13 23:13:33', '2016-01-13 23:13:03', '2016-01-13 23:13:03'),
(100123, 100003, 100021, 0, 0, 100001, 201, 100002, '2016-01-13 23:13:36', '2016-01-13 23:13:06', '2016-01-13 23:13:06'),
(100124, 100003, 100021, 0, 0, 100001, 201, 100002, '2016-01-13 23:13:39', '2016-01-13 23:13:09', '2016-01-13 23:13:09'),
(100125, 100003, 100021, 0, 0, 100001, 201, 100005, '2016-01-13 23:13:41', '2016-01-13 23:13:11', '2016-01-13 23:13:11'),
(100126, 100003, 100021, 0, 0, 100001, 201, 100005, '2016-01-13 23:13:45', '2016-01-13 23:13:15', '2016-01-13 23:13:15'),
(100127, 100003, 100021, 0, 0, 100001, 201, 100002, '2016-01-13 23:13:47', '2016-01-13 23:13:17', '2016-01-13 23:13:17'),
(100128, 100003, 100021, 0, 0, 100001, 201, 100001, '2016-01-13 23:13:52', '2016-01-13 23:13:22', '2016-01-13 23:13:22'),
(100129, 100003, 100021, 0, 0, 100001, 201, 100002, '2016-01-13 23:15:33', '2016-01-13 23:15:03', '2016-01-13 23:15:03'),
(100130, 100003, 100019, 100044, 0, 100001, 206, 100005, '2016-01-13 23:16:59', '2016-01-13 23:16:29', '2016-01-13 23:16:29'),
(100131, 100004, 100044, 100019, 0, 100001, 206, 100005, '2016-01-15 20:14:15', '2016-01-15 20:13:45', '2016-01-15 20:13:45'),
(100132, 100003, 100007, 0, 0, 100001, 201, 100005, '2016-01-15 21:00:05', '2016-01-15 20:59:35', '2016-01-15 20:59:35'),
(100133, 100003, 100007, 0, 0, 100001, 201, 100006, '2016-01-15 21:01:50', '2016-01-15 21:01:20', '2016-01-15 21:01:20'),
(100134, 100003, 100007, 0, 0, 100001, 201, 100006, '2016-01-15 21:02:21', '2016-01-15 21:01:51', '2016-01-15 21:01:51'),
(100135, 100003, 100007, 0, 0, 100001, 201, 100002, '2016-01-15 21:03:38', '2016-01-15 21:03:08', '2016-01-15 21:03:08'),
(100136, 100003, 100007, 0, 0, 100001, 201, 100006, '2016-01-15 21:04:14', '2016-01-15 21:03:44', '2016-01-15 21:03:44'),
(100137, 100003, 100007, 0, 0, 100001, 201, 100002, '2016-01-15 21:04:45', '2016-01-15 21:04:15', '2016-01-15 21:04:15'),
(100138, 100003, 100007, 0, 0, 100001, 201, 100005, '2016-01-15 21:05:10', '2016-01-15 21:04:40', '2016-01-15 21:04:40'),
(100139, 100003, 100007, 0, 0, 100001, 201, 100006, '2016-01-15 21:06:25', '2016-01-15 21:05:55', '2016-01-15 21:05:55'),
(100140, 100003, 100007, 0, 0, 100001, 201, 100001, '2016-01-15 21:07:00', '2016-01-15 21:06:30', '2016-01-15 21:06:30'),
(100141, 100003, 100007, 0, 0, 100001, 201, 100002, '2016-01-15 21:07:04', '2016-01-15 21:06:34', '2016-01-15 21:06:34'),
(100142, 100003, 100007, 0, 0, 100001, 201, 100001, '2016-01-15 21:07:50', '2016-01-15 21:07:20', '2016-01-15 21:07:20'),
(100143, 100003, 1000072, 0, 0, 100001, 201, 100002, '2016-01-15 21:09:37', '2016-01-15 21:09:07', '2016-01-15 21:09:07'),
(100144, 100003, 100007, 0, 0, 100001, 206, 100005, '2016-01-15 21:09:44', '2016-01-15 21:09:14', '2016-01-15 21:09:14'),
(100145, 100003, 0, 0, 0, 100001, 201, 100002, '2016-01-15 21:10:12', '2016-01-15 21:09:42', '2016-01-15 21:09:42'),
(100146, 100003, 100022, 100009, 0, 100001, 203, 100001, '2016-01-15 23:21:29', '2016-01-15 23:20:59', '2016-01-15 23:20:59'),
(100147, 100003, 100022, 100009, 0, 100001, 201, 100001, '2016-01-15 23:22:57', '2016-01-15 23:22:27', '2016-01-15 23:22:27'),
(100148, 100003, 100022, 100009, 0, 100001, 201, 100005, '2016-01-15 23:22:58', '2016-01-15 23:22:28', '2016-01-15 23:22:28'),
(100149, 100003, 100022, 100009, 0, 100001, 201, 100006, '2016-01-15 23:22:59', '2016-01-15 23:22:29', '2016-01-15 23:22:29'),
(100150, 100003, 100022, 100009, 0, 100001, 203, 100002, '2016-01-15 23:23:00', '2016-01-15 23:22:30', '2016-01-15 23:22:30'),
(100151, 100003, 100022, 100009, 0, 100001, 201, 100002, '2016-01-15 23:24:06', '2016-01-15 23:23:36', '2016-01-15 23:23:36'),
(100152, 100003, 100022, 100009, 0, 100001, 201, 100005, '2016-01-15 23:24:06', '2016-01-15 23:23:36', '2016-01-15 23:23:36'),
(100153, 100003, 100032, 0, 0, 100001, 205, 100001, '2016-01-15 23:25:18', '2016-01-15 23:24:48', '2016-01-15 23:24:48'),
(100154, 100003, 100034, 100019, 0, 100001, 205, 100001, '2016-01-15 23:25:51', '2016-01-15 23:25:21', '2016-01-15 23:25:21'),
(100155, 100003, 100019, 0, 0, 100001, 205, 100001, '2016-01-15 23:27:01', '2016-01-15 23:26:31', '2016-01-15 23:26:31'),
(100156, 100003, 100019, 0, 0, 100001, 204, 100005, '2016-01-15 23:27:27', '2016-01-15 23:26:57', '2016-01-15 23:26:57'),
(100157, 100003, 0, 0, 0, 100001, 201, 100006, '2016-01-15 23:28:00', '2016-01-15 23:27:30', '2016-01-15 23:27:30'),
(100158, 100003, 100019, 0, 0, 100001, 203, 100005, '2016-01-15 23:29:00', '2016-01-15 23:28:30', '2016-01-15 23:28:30'),
(100159, 100003, 0, 0, 0, 100001, 201, 100002, '2016-01-15 23:29:09', '2016-01-15 23:28:39', '2016-01-15 23:28:39'),
(100160, 100003, 100019, 0, 0, 100001, 205, 100005, '2016-01-15 23:30:11', '2016-01-15 23:29:41', '2016-01-15 23:29:41'),
(100161, 100003, 100009, 100019, 0, 100001, 204, 100005, '2016-01-15 23:30:43', '2016-01-15 23:30:13', '2016-01-15 23:30:13'),
(100162, 100003, 0, 100019, 0, 100001, 201, 100001, '2016-01-15 23:30:53', '2016-01-15 23:30:23', '2016-01-15 23:30:23'),
(100163, 100003, 100019, 0, 0, 100001, 204, 100002, '2016-01-15 23:33:35', '2016-01-15 23:33:05', '2016-01-15 23:33:05'),
(100164, 100003, 0, 0, 0, 100001, 201, 100005, '2016-01-15 23:34:06', '2016-01-15 23:33:36', '2016-01-15 23:33:36'),
(100165, 100003, 100005, 100033, 0, 100001, 203, 100001, '2016-01-15 23:44:31', '2016-01-15 23:44:01', '2016-01-15 23:44:01'),
(100166, 100003, 0, 100033, 0, 100001, 201, 100005, '2016-01-15 23:44:36', '2016-01-15 23:44:06', '2016-01-15 23:44:06'),
(100167, 100003, 100005, 100033, 0, 100001, 203, 100006, '2016-01-15 23:47:35', '2016-01-15 23:47:05', '2016-01-15 23:47:05'),
(100168, 100003, 0, 100033, 0, 100001, 201, 100002, '2016-01-15 23:47:46', '2016-01-15 23:47:16', '2016-01-15 23:47:16'),
(100169, 100003, 100005, 100033, 0, 100001, 203, 100002, '2016-01-15 23:48:57', '2016-01-15 23:48:27', '2016-01-15 23:48:27'),
(100170, 100003, 0, 100033, 0, 100001, 201, 100001, '2016-01-15 23:49:11', '2016-01-15 23:48:41', '2016-01-15 23:48:41'),
(100171, 100003, 100005, 100033, 0, 100001, 203, 100001, '2016-01-15 23:50:52', '2016-01-15 23:50:22', '2016-01-15 23:50:22'),
(100172, 100003, 100005, 100033, 0, 100001, 203, 100002, '2016-01-15 23:53:30', '2016-01-15 23:53:00', '2016-01-15 23:53:00'),
(100173, 100003, 0, 100033, 0, 100001, 201, 100005, '2016-01-15 23:53:45', '2016-01-15 23:53:15', '2016-01-15 23:53:15'),
(100174, 100003, 100017, 0, 0, 100001, 206, 100002, '2016-01-16 00:00:58', '2016-01-16 00:00:28', '2016-01-16 00:00:28'),
(100175, 100003, 0, 0, 0, 100001, 201, 100001, '2016-01-16 00:01:09', '2016-01-16 00:00:39', '2016-01-16 00:00:39'),
(100176, 100003, 100017, 0, 0, 100001, 206, 100006, '2016-01-16 00:01:33', '2016-01-16 00:01:03', '2016-01-16 00:01:03'),
(100177, 100003, 100017, 0, 0, 100001, 206, 100001, '2016-01-16 00:07:09', '2016-01-16 00:06:39', '2016-01-16 00:06:39'),
(100178, 100003, 100017, 0, 0, 100001, 206, 100002, '2016-01-16 00:07:24', '2016-01-16 00:06:54', '2016-01-16 00:06:54'),
(100179, 100003, 100017, 0, 0, 100001, 206, 100002, '2016-01-16 00:08:13', '2016-01-16 00:07:43', '2016-01-16 00:07:43'),
(100180, 100003, 100017, 0, 0, 100001, 206, 100001, '2016-01-16 00:08:13', '2016-01-16 00:07:43', '2016-01-16 00:07:43'),
(100181, 100003, 100018, 0, 0, 100001, 205, 100001, '2016-01-16 00:26:00', '2016-01-16 00:25:30', '2016-01-16 00:25:30'),
(100182, 100003, 100018, 0, 0, 100001, 204, 100002, '2016-01-16 00:26:51', '2016-01-16 00:26:21', '2016-01-16 00:26:21'),
(100183, 100003, 100018, 0, 0, 100001, 205, 100005, '2016-01-16 00:26:51', '2016-01-16 00:26:21', '2016-01-16 00:26:21'),
(100184, 100003, 0, 0, 0, 100001, 201, 100005, '2016-01-16 00:27:59', '2016-01-16 00:27:29', '2016-01-16 00:27:29'),
(100185, 100003, 100136, 0, 0, 100001, 205, 100001, '2016-01-16 03:18:16', '2016-01-16 03:17:46', '2016-01-16 03:17:46'),
(100186, 100003, 100137, 100147, 0, 100001, 203, 100000, '2016-01-16 03:18:51', '2016-01-16 03:18:21', '2016-01-16 03:18:21'),
(100187, 100003, 100137, 100147, 0, 100001, 203, 100000, '2016-01-16 03:19:16', '2016-01-16 03:18:46', '2016-01-16 03:18:46'),
(100188, 100003, 100137, 100147, 0, 100001, 203, 100000, '2016-01-16 03:19:28', '2016-01-16 03:18:58', '2016-01-16 03:18:58'),
(100189, 100003, 100138, 0, 0, 100001, 205, 100001, '2016-01-16 03:20:15', '2016-01-16 03:19:45', '2016-01-16 03:19:45'),
(100190, 100003, 100137, 100171, 0, 100001, 205, 100001, '2016-01-16 03:20:46', '2016-01-16 03:20:16', '2016-01-16 03:20:16'),
(100191, 100003, 100137, 100171, 0, 100001, 203, 100000, '2016-01-16 03:20:47', '2016-01-16 03:20:17', '2016-01-16 03:20:17'),
(100192, 100003, 100138, 0, 0, 100001, 203, 100000, '2016-01-16 03:21:38', '2016-01-16 03:21:08', '2016-01-16 03:21:08'),
(100193, 100003, 100138, 0, 0, 100001, 201, 100000, '2016-01-16 03:22:00', '2016-01-16 03:21:30', '2016-01-16 03:21:30'),
(100194, 100003, 100138, 0, 0, 100001, 203, 100000, '2016-01-16 03:22:00', '2016-01-16 03:21:30', '2016-01-16 03:21:30'),
(100195, 100003, 100138, 0, 0, 100001, 203, 100000, '2016-01-16 03:22:12', '2016-01-16 03:21:42', '2016-01-16 03:21:42'),
(100196, 100003, 100138, 0, 0, 100001, 206, 100001, '2016-01-16 03:22:28', '2016-01-16 03:21:58', '2016-01-16 03:21:58'),
(100197, 100003, 100182, 100148, 0, 100001, 203, 100000, '2016-01-16 03:24:31', '2016-01-16 03:24:01', '2016-01-16 03:24:01'),
(100198, 100003, 100182, 100148, 0, 100001, 203, 100000, '2016-01-16 03:24:57', '2016-01-16 03:24:27', '2016-01-16 03:24:27'),
(100199, 100003, 100182, 100148, 0, 100001, 203, 100000, '2016-01-16 03:25:14', '2016-01-16 03:24:44', '2016-01-16 03:24:44'),
(100200, 100003, 100176, 100176, 0, 100001, 203, 100000, '2016-01-16 03:26:55', '2016-01-16 03:26:25', '2016-01-16 03:26:25'),
(100201, 100003, 100176, 100176, 0, 100001, 206, 100001, '2016-01-16 03:27:05', '2016-01-16 03:26:35', '2016-01-16 03:26:35'),
(100202, 100003, 100176, 0, 0, 100001, 203, 100001, '2016-01-16 03:27:43', '2016-01-16 03:27:13', '2016-01-16 03:27:13'),
(100203, 100003, 100176, 100137, 0, 100001, 203, 100001, '2016-01-16 03:28:18', '2016-01-16 03:27:48', '2016-01-16 03:27:48'),
(100204, 100003, 100176, 100137, 0, 100001, 201, 100000, '2016-01-16 03:28:28', '2016-01-16 03:27:58', '2016-01-16 03:27:58'),
(100205, 100003, 100176, 100137, 0, 100001, 203, 100000, '2016-01-16 03:28:28', '2016-01-16 03:27:58', '2016-01-16 03:27:58'),
(100206, 100003, 100176, 100137, 0, 100001, 203, 100000, '2016-01-16 03:28:41', '2016-01-16 03:28:11', '2016-01-16 03:28:11'),
(100207, 100003, 100176, 100137, 0, 100001, 206, 100001, '2016-01-16 03:29:01', '2016-01-16 03:28:31', '2016-01-16 03:28:31'),
(100208, 100003, 0, 100137, 0, 100001, 201, 100001, '2016-01-16 03:29:10', '2016-01-16 03:28:40', '2016-01-16 03:28:40'),
(100209, 100003, 100176, 100137, 0, 100001, 203, 100000, '2016-01-16 03:29:28', '2016-01-16 03:28:58', '2016-01-16 03:28:58'),
(100210, 100003, 100176, 100137, 0, 100001, 206, 100001, '2016-01-16 03:29:38', '2016-01-16 03:29:08', '2016-01-16 03:29:08'),
(100211, 100003, 100140, 100161, 0, 100001, 206, 100001, '2016-01-16 03:31:31', '2016-01-16 03:31:01', '2016-01-16 03:31:01'),
(100212, 100003, 100140, 100161, 0, 100001, 203, 100000, '2016-01-16 03:31:44', '2016-01-16 03:31:14', '2016-01-16 03:31:14'),
(100213, 100003, 100140, 100161, 0, 100001, 206, 100001, '2016-01-16 03:31:54', '2016-01-16 03:31:24', '2016-01-16 03:31:24'),
(100214, 100003, 100140, 100168, 0, 100001, 203, 100000, '2016-01-16 03:32:50', '2016-01-16 03:32:20', '2016-01-16 03:32:20'),
(100215, 100003, 100140, 100168, 0, 100001, 206, 100001, '2016-01-16 03:33:05', '2016-01-16 03:32:35', '2016-01-16 03:32:35'),
(100216, 100003, 100140, 100168, 0, 100001, 203, 100000, '2016-01-16 03:33:32', '2016-01-16 03:33:02', '2016-01-16 03:33:02'),
(100217, 100003, 100140, 100168, 0, 100001, 206, 100001, '2016-01-16 03:33:39', '2016-01-16 03:33:09', '2016-01-16 03:33:09'),
(100218, 100003, 100166, 100143, 0, 100001, 206, 100001, '2016-01-16 03:34:24', '2016-01-16 03:33:54', '2016-01-16 03:33:54'),
(100219, 100003, 100142, 0, 0, 100001, 206, 100001, '2016-01-16 03:35:14', '2016-01-16 03:34:44', '2016-01-16 03:34:44'),
(100220, 100003, 100143, 0, 0, 100001, 206, 100001, '2016-01-16 03:36:21', '2016-01-16 03:35:51', '2016-01-16 03:35:51'),
(100221, 100003, 100143, 0, 0, 100001, 206, 100001, '2016-01-16 03:36:30', '2016-01-16 03:36:00', '2016-01-16 03:36:00'),
(100222, 100003, 100143, 0, 0, 100001, 206, 100001, '2016-01-16 03:36:40', '2016-01-16 03:36:10', '2016-01-16 03:36:10'),
(100223, 100004, 100156, 0, 0, 100001, 201, 100000, '2016-01-16 03:37:21', '2016-01-16 03:36:51', '2016-01-16 03:36:51'),
(100224, 100004, 100156, 0, 0, 100001, 206, 100001, '2016-01-16 03:37:29', '2016-01-16 03:36:59', '2016-01-16 03:36:59'),
(100225, 100003, 100176, 0, 0, 100001, 206, 100001, '2016-01-16 03:39:34', '2016-01-16 03:39:04', '2016-01-16 03:39:04'),
(100226, 100003, 100176, 0, 0, 100001, 206, 100001, '2016-01-16 03:40:42', '2016-01-16 03:40:12', '2016-01-16 03:40:12'),
(100227, 100003, 100138, 100166, 0, 100001, 206, 100001, '2016-01-16 03:41:47', '2016-01-16 03:41:17', '2016-01-16 03:41:17'),
(100228, 100003, 100163, 0, 0, 100001, 201, 100001, '2016-01-16 03:42:22', '2016-01-16 03:41:52', '2016-01-16 03:41:52'),
(100229, 100003, 100159, 0, 0, 100001, 203, 100000, '2016-01-16 03:43:12', '2016-01-16 03:42:42', '2016-01-16 03:42:42'),
(100230, 100003, 100159, 0, 0, 100001, 203, 100000, '2016-01-16 03:43:26', '2016-01-16 03:42:56', '2016-01-16 03:42:56'),
(100231, 100003, 100159, 0, 0, 100001, 203, 100000, '2016-01-16 03:43:33', '2016-01-16 03:43:03', '2016-01-16 03:43:03'),
(100232, 100003, 100159, 0, 0, 100001, 203, 100001, '2016-01-16 03:43:39', '2016-01-16 03:43:09', '2016-01-16 03:43:09'),
(100233, 100003, 100159, 0, 0, 100001, 203, 100000, '2016-01-16 03:44:37', '2016-01-16 03:44:07', '2016-01-16 03:44:07'),
(100234, 100003, 100159, 0, 0, 100001, 203, 100000, '2016-01-16 03:45:01', '2016-01-16 03:44:31', '2016-01-16 03:44:31'),
(100235, 100003, 100159, 100139, 0, 100001, 203, 100000, '2016-01-16 03:47:24', '2016-01-16 03:46:54', '2016-01-16 03:46:54'),
(100236, 100003, 100159, 100139, 0, 100001, 205, 100001, '2016-01-16 03:47:42', '2016-01-16 03:47:12', '2016-01-16 03:47:12'),
(100237, 100003, 100137, 0, 0, 100001, 205, 100001, '2016-01-16 03:48:06', '2016-01-16 03:47:36', '2016-01-16 03:47:36'),
(100238, 100003, 100137, 0, 0, 100001, 205, 100001, '2016-01-16 03:48:06', '2016-01-16 03:47:36', '2016-01-16 03:47:36'),
(100239, 100003, 100137, 0, 0, 100001, 203, 100000, '2016-01-16 03:48:17', '2016-01-16 03:47:47', '2016-01-16 03:47:47'),
(100240, 100003, 100137, 0, 0, 100001, 205, 100001, '2016-01-16 03:48:27', '2016-01-16 03:47:57', '2016-01-16 03:47:57'),
(100241, 100003, 100134, 0, 0, 100001, 206, 100001, '2016-01-16 03:49:24', '2016-01-16 03:48:54', '2016-01-16 03:48:54'),
(100242, 100003, 100141, 100144, 0, 100001, 203, 100000, '2016-01-16 03:50:13', '2016-01-16 03:49:43', '2016-01-16 03:49:43'),
(100243, 100003, 100141, 100144, 0, 100001, 203, 100000, '2016-01-16 03:50:36', '2016-01-16 03:50:06', '2016-01-16 03:50:06'),
(100244, 100003, 100141, 100144, 0, 100001, 203, 100000, '2016-01-16 03:50:43', '2016-01-16 03:50:13', '2016-01-16 03:50:13'),
(100245, 100003, 100167, 0, 0, 100001, 203, 100000, '2016-01-16 03:50:59', '2016-01-16 03:50:29', '2016-01-16 03:50:29'),
(100246, 100003, 100167, 0, 0, 100001, 201, 100000, '2016-01-16 03:51:10', '2016-01-16 03:50:40', '2016-01-16 03:50:40'),
(100247, 100003, 100163, 0, 0, 100001, 206, 100001, '2016-01-16 03:51:50', '2016-01-16 03:51:20', '2016-01-16 03:51:20'),
(100248, 100003, 100144, 0, 0, 100001, 201, 100000, '2016-01-16 03:52:46', '2016-01-16 03:52:16', '2016-01-16 03:52:16'),
(100249, 100003, 100138, 0, 0, 100001, 205, 100001, '2016-01-16 03:56:40', '2016-01-16 03:56:10', '2016-01-16 03:56:10'),
(100250, 100003, 100143, 0, 0, 100001, 205, 100001, '2016-01-16 03:57:23', '2016-01-16 03:56:53', '2016-01-16 03:56:53'),
(100251, 100003, 100143, 0, 0, 100001, 205, 100001, '2016-01-16 03:57:31', '2016-01-16 03:57:01', '2016-01-16 03:57:01'),
(100252, 100003, 100143, 0, 0, 100001, 205, 100001, '2016-01-16 03:57:43', '2016-01-16 03:57:13', '2016-01-16 03:57:13'),
(100253, 100003, 100143, 0, 0, 100001, 203, 100000, '2016-01-16 03:57:51', '2016-01-16 03:57:21', '2016-01-16 03:57:21'),
(100254, 100003, 100143, 0, 0, 100001, 205, 100001, '2016-01-16 03:58:12', '2016-01-16 03:57:42', '2016-01-16 03:57:42'),
(100255, 100003, 100143, 0, 0, 100001, 205, 100001, '2016-01-16 03:58:31', '2016-01-16 03:58:01', '2016-01-16 03:58:01'),
(100256, 100003, 100143, 0, 0, 100001, 203, 100000, '2016-01-16 03:58:38', '2016-01-16 03:58:08', '2016-01-16 03:58:08'),
(100257, 100003, 100143, 0, 0, 100001, 203, 100000, '2016-01-16 03:58:48', '2016-01-16 03:58:18', '2016-01-16 03:58:18'),
(100258, 100003, 100143, 0, 0, 100001, 203, 100000, '2016-01-16 03:58:58', '2016-01-16 03:58:28', '2016-01-16 03:58:28'),
(100259, 100003, 100143, 0, 0, 100001, 205, 100001, '2016-01-16 03:59:10', '2016-01-16 03:58:40', '2016-01-16 03:58:40'),
(100260, 100003, 100143, 0, 0, 100001, 205, 100001, '2016-01-16 03:59:22', '2016-01-16 03:58:52', '2016-01-16 03:58:52'),
(100261, 100003, 100143, 0, 0, 100001, 205, 100001, '2016-01-16 03:59:41', '2016-01-16 03:59:11', '2016-01-16 03:59:11'),
(100262, 100003, 100140, 0, 0, 100001, 203, 100000, '2016-01-16 04:00:24', '2016-01-16 03:59:54', '2016-01-16 03:59:54'),
(100263, 100003, 100140, 0, 0, 100001, 205, 100001, '2016-01-16 04:00:38', '2016-01-16 04:00:08', '2016-01-16 04:00:08'),
(100264, 100003, 100138, 0, 0, 100001, 203, 100000, '2016-01-16 04:01:29', '2016-01-16 04:00:59', '2016-01-16 04:00:59'),
(100265, 100003, 100138, 0, 0, 100001, 203, 100000, '2016-01-16 04:01:33', '2016-01-16 04:01:03', '2016-01-16 04:01:03'),
(100266, 100003, 100138, 0, 0, 100001, 203, 100000, '2016-01-16 04:01:39', '2016-01-16 04:01:09', '2016-01-16 04:01:09'),
(100267, 100003, 100138, 0, 0, 100001, 203, 100000, '2016-01-16 04:01:46', '2016-01-16 04:01:16', '2016-01-16 04:01:16'),
(100268, 100003, 100138, 0, 0, 100001, 203, 100000, '2016-01-16 04:01:52', '2016-01-16 04:01:22', '2016-01-16 04:01:22'),
(100269, 100003, 100134, 0, 0, 100001, 203, 100000, '2016-01-16 04:02:10', '2016-01-16 04:01:40', '2016-01-16 04:01:40'),
(100270, 100003, 100134, 0, 0, 100001, 203, 100000, '2016-01-16 04:02:27', '2016-01-16 04:01:57', '2016-01-16 04:01:57'),
(100271, 100003, 100134, 0, 0, 100001, 203, 100000, '2016-01-16 04:03:10', '2016-01-16 04:02:40', '2016-01-16 04:02:40'),
(100272, 100003, 100134, 0, 0, 100001, 203, 100000, '2016-01-16 04:03:34', '2016-01-16 04:03:04', '2016-01-16 04:03:04'),
(100273, 100003, 100137, 0, 0, 100001, 203, 100000, '2016-01-16 04:04:24', '2016-01-16 04:03:54', '2016-01-16 04:03:54'),
(100274, 100003, 100144, 0, 0, 100001, 203, 100001, '2016-01-16 04:06:15', '2016-01-16 04:05:45', '2016-01-16 04:05:45'),
(100275, 100003, 100144, 0, 0, 100001, 203, 100000, '2016-01-16 04:06:28', '2016-01-16 04:05:58', '2016-01-16 04:05:58'),
(100276, 100003, 100144, 0, 0, 100001, 205, 100001, '2016-01-16 04:06:47', '2016-01-16 04:06:17', '2016-01-16 04:06:17'),
(100277, 100003, 100135, 0, 0, 100001, 205, 100001, '2016-01-16 04:07:07', '2016-01-16 04:06:37', '2016-01-16 04:06:37'),
(100278, 100003, 100135, 0, 0, 100001, 203, 100000, '2016-01-16 04:07:43', '2016-01-16 04:07:13', '2016-01-16 04:07:13'),
(100279, 100003, 100135, 0, 0, 100001, 205, 100001, '2016-01-16 04:07:52', '2016-01-16 04:07:22', '2016-01-16 04:07:22'),
(100280, 100003, 100144, 0, 0, 100001, 205, 100001, '2016-01-16 04:08:19', '2016-01-16 04:07:49', '2016-01-16 04:07:49'),
(100281, 100003, 100139, 0, 0, 100001, 203, 100000, '2016-01-16 04:10:14', '2016-01-16 04:09:44', '2016-01-16 04:09:44'),
(100282, 100003, 100139, 0, 0, 100001, 203, 100000, '2016-01-16 04:10:49', '2016-01-16 04:10:19', '2016-01-16 04:10:19'),
(100283, 100003, 100139, 0, 0, 100001, 203, 100000, '2016-01-16 04:11:01', '2016-01-16 04:10:31', '2016-01-16 04:10:31'),
(100284, 100003, 100139, 0, 0, 100001, 205, 100001, '2016-01-16 04:11:07', '2016-01-16 04:10:37', '2016-01-16 04:10:37'),
(100285, 100003, 100139, 0, 0, 100001, 203, 100000, '2016-01-16 04:11:14', '2016-01-16 04:10:44', '2016-01-16 04:10:44'),
(100286, 100003, 100139, 0, 0, 100001, 201, 100000, '2016-01-16 04:11:24', '2016-01-16 04:10:54', '2016-01-16 04:10:54'),
(100287, 100003, 100134, 0, 0, 100001, 205, 100001, '2016-01-16 04:11:57', '2016-01-16 04:11:27', '2016-01-16 04:11:27'),
(100288, 100003, 100134, 0, 0, 100001, 203, 100000, '2016-01-16 04:19:35', '2016-01-16 04:19:05', '2016-01-16 04:19:05'),
(100289, 100003, 100134, 0, 0, 100001, 205, 100001, '2016-01-16 04:19:53', '2016-01-16 04:19:23', '2016-01-16 04:19:23'),
(100290, 100003, 100134, 0, 0, 100001, 205, 100001, '2016-01-16 04:31:58', '2016-01-16 04:31:28', '2016-01-16 04:31:28'),
(100291, 100003, 100134, 0, 0, 100001, 205, 100001, '2016-01-16 04:32:09', '2016-01-16 04:31:39', '2016-01-16 04:31:39'),
(100292, 100003, 100150, 0, 0, 100001, 205, 100001, '2016-01-16 04:33:58', '2016-01-16 04:33:28', '2016-01-16 04:33:28'),
(100293, 100003, 100150, 0, 0, 100001, 201, 100000, '2016-01-16 04:38:07', '2016-01-16 04:37:37', '2016-01-16 04:37:37'),
(100294, 100003, 100151, 0, 0, 100001, 203, 100000, '2016-01-16 04:40:59', '2016-01-16 04:40:29', '2016-01-16 04:40:29'),
(100295, 100003, 100151, 0, 0, 100001, 203, 100000, '2016-01-16 04:41:21', '2016-01-16 04:40:51', '2016-01-16 04:40:51'),
(100296, 100003, 100151, 0, 0, 100001, 203, 100000, '2016-01-16 04:42:37', '2016-01-16 04:42:07', '2016-01-16 04:42:07'),
(100297, 100003, 100151, 0, 0, 100001, 206, 100001, '2016-01-16 04:44:33', '2016-01-16 04:44:03', '2016-01-16 04:44:03'),
(100298, 100003, 100149, 100183, 0, 100001, 205, 100001, '2016-01-16 04:45:29', '2016-01-16 04:44:59', '2016-01-16 04:44:59'),
(100299, 100003, 100185, 0, 0, 100001, 206, 100001, '2016-01-16 04:50:52', '2016-01-16 04:50:22', '2016-01-16 04:50:22');

-- --------------------------------------------------------

--
-- 테이블 구조 `ClerkEvaluation`
--

CREATE TABLE IF NOT EXISTS `ClerkEvaluation` (
  `ClerkCode` int(6) NOT NULL,
  `StarCount` int(1) NOT NULL,
  `RegDate` datetime NOT NULL,
  `ModDate` datetime NOT NULL
) ENGINE=MyISAM DEFAULT CHARSET=euckr;

--
-- 테이블의 덤프 데이터 `ClerkEvaluation`
--

INSERT INTO `ClerkEvaluation` (`ClerkCode`, `StarCount`, `RegDate`, `ModDate`) VALUES
(100000, 3, '2016-01-16 04:11:08', '2016-01-16 04:11:08'),
(100001, 3, '2016-01-16 04:06:29', '2016-01-16 04:06:29'),
(100001, 3, '2016-01-16 03:56:23', '2016-01-16 03:56:23'),
(100001, 3, '2016-01-16 03:51:36', '2016-01-16 03:51:36'),
(100001, 3, '2016-01-16 03:49:09', '2016-01-16 03:49:09'),
(100001, 3, '2016-01-16 03:47:23', '2016-01-16 03:47:23'),
(100001, 3, '2016-01-16 03:41:40', '2016-01-16 03:41:40'),
(100001, 1, '2016-01-16 03:40:33', '2016-01-16 03:40:33'),
(100001, 1, '2016-01-16 03:29:29', '2016-01-16 03:29:29'),
(100001, 5, '2016-01-16 03:26:56', '2016-01-16 03:26:56'),
(100001, 3, '2016-01-16 03:22:09', '2016-01-16 03:22:09'),
(100000, 0, '0000-00-00 00:00:00', '0000-00-00 00:00:00'),
(100001, 3, '2016-01-16 04:12:37', '2016-01-16 04:12:37');

-- --------------------------------------------------------

--
-- 테이블 구조 `ClerkInfo`
--

CREATE TABLE IF NOT EXISTS `ClerkInfo` (
  `ClerkCode` int(6) NOT NULL DEFAULT '0' COMMENT 'ClerkCode',
  `ClerkName` varchar(20) DEFAULT NULL COMMENT 'ClerkName',
  `WorkingShop` int(6) DEFAULT NULL COMMENT 'WorkingShop',
  `GcmRegId` varchar(200) DEFAULT NULL COMMENT 'GcmRegId',
  `AndroidId` varchar(200) DEFAULT NULL COMMENT 'AndroidId',
  `ServiceCount` int(6) NOT NULL,
  `ClerkImage` varchar(200) NOT NULL,
  `RegDate` datetime DEFAULT NULL COMMENT 'RegDate',
  `ModDate` datetime DEFAULT NULL COMMENT 'ModDate',
  PRIMARY KEY (`ClerkCode`)
) ENGINE=MyISAM DEFAULT CHARSET=euckr COMMENT='ClerkInfo';

--
-- 테이블의 덤프 데이터 `ClerkInfo`
--

INSERT INTO `ClerkInfo` (`ClerkCode`, `ClerkName`, `WorkingShop`, `GcmRegId`, `AndroidId`, `ServiceCount`, `ClerkImage`, `RegDate`, `ModDate`) VALUES
(100000, NULL, NULL, NULL, NULL, 0, '', NULL, NULL),
(100001, '최보리', 100001, 'eMpGQ_kDHS0:APA91bG881PYZBMtLmDXPepIIj6W6EJPZf8IWTtO4yzZp68h3cXTz8kQmEZU-BmrYW-XmYF-aRashdyKomqRXBNKWEI26iZ8OZzLWiHMy2l1OOg5NlxkC8BjSPDBtPqzyad8l9JbzfxL', 'f02197837ea981da', 88, 'staff_1.png', '2016-01-16 03:12:17', '2016-01-16 04:50:04');

-- --------------------------------------------------------

--
-- 테이블 구조 `CommonCode`
--

CREATE TABLE IF NOT EXISTS `CommonCode` (
  `Code` int(3) NOT NULL DEFAULT '0' COMMENT 'Code',
  `CodeCategory` varchar(50) DEFAULT NULL COMMENT 'CodeCategory',
  `CodeName` varchar(200) DEFAULT NULL COMMENT 'CodeName',
  `RegDate` datetime DEFAULT NULL COMMENT 'RegDate',
  `ModDate` datetime DEFAULT NULL COMMENT 'ModDate',
  PRIMARY KEY (`Code`)
) ENGINE=MyISAM DEFAULT CHARSET=euckr COMMENT='CommonCode';

--
-- 테이블의 덤프 데이터 `CommonCode`
--

INSERT INTO `CommonCode` (`Code`, `CodeCategory`, `CodeName`, `RegDate`, `ModDate`) VALUES
(201, '교환', '요청', '2016-01-06 12:56:28', '2016-01-06 12:56:28'),
(202, '교환', '시간초과', '2016-01-06 12:56:28', '2016-01-06 12:56:28'),
(203, '교환', '취소', '2016-01-06 12:56:28', '2016-01-06 12:56:28'),
(204, '교환', '거절', '2016-01-06 12:56:28', '2016-01-06 12:56:28'),
(205, '교환', '수락', '2016-01-06 12:56:28', '2016-01-06 12:56:28'),
(206, '교환', '배달완료', '2016-01-10 01:44:29', '2016-01-10 01:44:29');

-- --------------------------------------------------------

--
-- 테이블 구조 `MemberFitting`
--

CREATE TABLE IF NOT EXISTS `MemberFitting` (
  `MemberCode` int(6) NOT NULL DEFAULT '0' COMMENT 'MemberCode',
  `FittingType` int(3) DEFAULT NULL COMMENT 'FittingType',
  `FittingPhoto` varchar(200) DEFAULT NULL COMMENT 'FittingPhoto',
  `RegDate` datetime DEFAULT NULL COMMENT 'RegDate',
  `ModDate` datetime DEFAULT NULL COMMENT 'ModDate',
  PRIMARY KEY (`MemberCode`)
) ENGINE=MyISAM DEFAULT CHARSET=euckr COMMENT='MemberFitting';

--
-- 테이블의 덤프 데이터 `MemberFitting`
--


-- --------------------------------------------------------

--
-- 테이블 구조 `MemberInfo`
--

CREATE TABLE IF NOT EXISTS `MemberInfo` (
  `MemberCode` int(6) NOT NULL DEFAULT '0' COMMENT 'MemberCode',
  `MemberName` varchar(50) DEFAULT NULL COMMENT 'MemberName',
  `MemberEmail` varchar(200) DEFAULT NULL COMMENT 'MemberEmail',
  `GcmRegId` varchar(200) DEFAULT NULL COMMENT 'GcmRegId',
  `AndroidId` varchar(200) DEFAULT NULL COMMENT 'AndroidId',
  `Sex` varchar(1) DEFAULT NULL COMMENT 'Sex',
  `Height` int(3) DEFAULT NULL COMMENT 'Height',
  `Age` int(3) DEFAULT NULL COMMENT 'Age',
  `RegDate` datetime DEFAULT NULL COMMENT 'RegDate',
  `ModDate` datetime DEFAULT NULL COMMENT 'ModDate',
  PRIMARY KEY (`MemberCode`)
) ENGINE=MyISAM DEFAULT CHARSET=euckr COMMENT='MemberInfo';

--
-- 테이블의 덤프 데이터 `MemberInfo`
--

INSERT INTO `MemberInfo` (`MemberCode`, `MemberName`, `MemberEmail`, `GcmRegId`, `AndroidId`, `Sex`, `Height`, `Age`, `RegDate`, `ModDate`) VALUES
(100000, NULL, NULL, NULL, NULL, NULL, NULL, NULL, NULL, NULL),
(100001, '', '', '111', '1234', '', 0, 0, '2016-01-06 15:03:10', '2016-01-06 15:03:10'),
(100002, '', '', '', '', '', 0, 0, '2016-01-06 15:10:02', '2016-01-06 15:10:02'),
(100003, '', '', 'eU2QJZuRcpU:APA91bGEJppCj6wzvXV6yMHC-4kNp_bARmblydo2j06MipCsOui6tU4o7jOisD8v4aVPD4fbbg5TMNe9bj6URmgRNWa7Wk3NKV9Wqjht2bVsIO6CTu2KPiFbc8y_QJeLUIgrSBT8gL1z', '43690a4adbc8d9d8', '', 0, 0, '2016-01-08 22:04:45', '2016-01-16 04:50:09'),
(100004, '', '', 'eKtrcxmVzkI:APA91bEayjFq3wqQ-r8FVyG0m1-6Ie5xCXErHXbVljAIssXY_TsGDYu1Y7J34kTQV43ddBfiEm91u_zsEu_f9C0DoOmL3Al5jV9Uuz9A91lAAQIBZhlyAUAC4QF4RNJrxYqPm-lFzOYl', 'f02197837ea981da', '', 0, 0, '2016-01-09 17:06:19', '2016-01-16 03:56:01');

-- --------------------------------------------------------

--
-- 테이블 구조 `MemberLike`
--

CREATE TABLE IF NOT EXISTS `MemberLike` (
  `LikeCode` int(6) NOT NULL DEFAULT '0' COMMENT 'ResvCode',
  `PrdCode` int(6) DEFAULT NULL COMMENT 'PrdCode',
  `LikeMember` int(6) DEFAULT NULL COMMENT 'ResvMember',
  `DeleteYN` varchar(1) NOT NULL,
  `RegDate` datetime DEFAULT NULL COMMENT 'RegDate',
  `ModDate` datetime DEFAULT NULL COMMENT 'ModDate',
  PRIMARY KEY (`LikeCode`)
) ENGINE=MyISAM DEFAULT CHARSET=euckr COMMENT='MemberLike';

--
-- 테이블의 덤프 데이터 `MemberLike`
--

INSERT INTO `MemberLike` (`LikeCode`, `PrdCode`, `LikeMember`, `DeleteYN`, `RegDate`, `ModDate`) VALUES
(100000, NULL, NULL, '', NULL, NULL),
(100001, 100001, 100003, 'Y', '2016-01-10 16:58:32', '2016-01-10 16:58:32'),
(100002, 100001, 100003, 'N', '2016-01-10 16:58:57', '2016-01-10 16:58:57'),
(100003, 100003, 100003, 'Y', '2016-01-13 21:27:40', '2016-01-13 21:27:40'),
(100004, 100003, 100003, 'Y', '2016-01-13 21:31:01', '2016-01-13 21:31:01'),
(100005, 100006, 100003, 'Y', '2016-01-13 22:04:11', '2016-01-13 22:04:11'),
(100006, 100006, 100003, 'Y', '2016-01-13 22:04:13', '2016-01-13 22:04:13'),
(100007, 100006, 100003, 'Y', '2016-01-13 22:04:14', '2016-01-13 22:04:14'),
(100008, 100006, 100003, 'Y', '2016-01-13 22:04:15', '2016-01-13 22:04:15'),
(100009, 100006, 100003, 'N', '2016-01-13 22:04:44', '2016-01-13 22:04:44'),
(100010, 100003, 100003, 'N', '2016-01-13 22:42:04', '2016-01-13 22:42:04'),
(100011, 100003, 100004, 'Y', '2016-01-15 16:59:02', '2016-01-15 16:59:02'),
(100012, 100003, 100004, 'Y', '2016-01-15 16:59:03', '2016-01-15 16:59:03'),
(100013, 100003, 100004, 'Y', '2016-01-15 16:59:04', '2016-01-15 16:59:04'),
(100014, 100003, 100004, 'Y', '2016-01-15 16:59:06', '2016-01-15 16:59:06'),
(100015, 100003, 100004, 'Y', '2016-01-15 16:59:08', '2016-01-15 16:59:08'),
(100016, 100003, 100004, 'Y', '2016-01-15 16:59:09', '2016-01-15 16:59:09'),
(100017, 100003, 100004, 'Y', '2016-01-15 17:15:03', '2016-01-15 17:15:03'),
(100018, 100003, 100004, 'Y', '2016-01-15 17:15:25', '2016-01-15 17:15:25'),
(100019, 100006, 100004, 'Y', '2016-01-15 20:10:57', '2016-01-15 20:10:57'),
(100020, 100006, 100004, 'N', '2016-01-15 20:11:58', '2016-01-15 20:11:58'),
(100021, 100003, 100004, 'Y', '2016-01-15 22:53:25', '2016-01-15 22:53:25'),
(100022, 100003, 100004, 'Y', '2016-01-15 22:53:34', '2016-01-15 22:53:34'),
(100023, 100003, 100004, 'Y', '2016-01-15 22:57:55', '2016-01-15 22:57:55'),
(100024, 100003, 100004, 'Y', '2016-01-15 23:30:08', '2016-01-15 23:30:08'),
(100025, 100003, 100004, 'N', '2016-01-15 23:30:11', '2016-01-15 23:30:11'),
(100026, 100004, 100003, 'Y', '2016-01-16 01:09:03', '2016-01-16 01:09:03'),
(100027, 100004, 100003, 'N', '2016-01-16 01:09:06', '2016-01-16 01:09:06');

-- --------------------------------------------------------

--
-- 테이블 구조 `ProductInfo`
--

CREATE TABLE IF NOT EXISTS `ProductInfo` (
  `PrdCode` int(6) NOT NULL DEFAULT '0' COMMENT 'PrdCode',
  `PrdShopCode` varchar(50) NOT NULL,
  `PrdBarcode` varchar(100) NOT NULL,
  `PrdName` varchar(300) DEFAULT NULL COMMENT 'PrdName',
  `PrdCategory` int(1) NOT NULL,
  `PrdCategory2` varchar(100) NOT NULL,
  `PrdSex` varchar(1) NOT NULL,
  `PrdAge` varchar(50) NOT NULL,
  `PrdPrice` int(10) DEFAULT NULL COMMENT 'PrdPrice',
  `PrdDetail` varchar(1000) NOT NULL,
  `ShopCode` int(6) DEFAULT NULL COMMENT 'ShopCode',
  `PrdImage` varchar(200) NOT NULL,
  `PrdUrl` varchar(1000) NOT NULL,
  `RegDate` datetime DEFAULT NULL COMMENT 'RegDate',
  `ModDate` datetime DEFAULT NULL COMMENT 'ModDate',
  PRIMARY KEY (`PrdCode`)
) ENGINE=MyISAM DEFAULT CHARSET=euckr COMMENT='ProductInfo';

--
-- 테이블의 덤프 데이터 `ProductInfo`
--

INSERT INTO `ProductInfo` (`PrdCode`, `PrdShopCode`, `PrdBarcode`, `PrdName`, `PrdCategory`, `PrdCategory2`, `PrdSex`, `PrdAge`, `PrdPrice`, `PrdDetail`, `ShopCode`, `PrdImage`, `PrdUrl`, `RegDate`, `ModDate`) VALUES
(100002, 'BF5Y51005H', '', '더블버튼 울코트', 1, 'OUTER', 'W', '20,30', 129900, '', 100001, '100002.jpg', 'http://www.ssfshop.com/public/goods/detail/GM0015101256091/view?cate=SFMA02', '2016-01-05 17:46:00', '2016-01-05 17:46:00'),
(100003, 'BF5Y51006H', '', '베이지 애니다운 하프 점퍼', 1, 'OUTER', 'W', '30,40', 699000, '', 100001, '100003.jpg', 'http://www.ssfshop.com/public/goods/detail/GM0015102057316/view?cate=SFMA02', '2016-01-05 17:46:00', '2016-01-05 17:46:00'),
(100004, 'BF5Y51007H', '', '아이보리 코튼 기모 팬츠', 2, 'PANTS', 'W', '30,40', 167300, '', 100001, '100004.jpg', 'http://www.ssfshop.com/public/goods/detail/GM0015101556648/view?cate=SFMA02A04', '2016-01-05 17:46:00', '2016-01-05 17:46:00'),
(100005, 'BF5Y51008H', '', '스위트 멀티 프린트 스웨트 셔츠', 1, 'SHIRTS', 'W', '20,30,40', 39900, '', 100001, '100005.jpg', 'http://www.ssfshop.com/public/goods/detail/GM0016010480930/view?cate=SFMA02A01', '2016-01-05 17:46:00', '2016-01-05 17:46:00'),
(100006, 'BF5Y51009H', '', '인조스웨이드 풀지퍼 재킷', 1, 'OUTER', 'W', '', 209000, '', 100002, '100006.jpg', 'http://www.ralphlauren.co.kr/women/shop-by-category/polos-knits-68/faux-suede-full-zip-jacket-949521/949641#1452063069050', '2016-01-05 17:46:00', '2016-01-05 17:46:00'),
(100007, 'BF5Y51010H', '', '턴락 울 혼방 카디건', 1, 'CARDIGAN', 'W', '', 289000, '', 100002, '100007.jpg', 'http://www.ralphlauren.co.kr/women/shop-by-category/sweaters-68/turn-lock-wool-blend-cardigan-917069/917252#1452063177897', '2016-01-05 17:46:00', '2016-01-05 17:46:00'),
(100008, 'BF5Y51011H', '', '인조 레더 트리밍 트렌치 코트', 1, 'OUTER', 'W', '', 269000, '', 100002, '100008.jpg', 'http://www.ralphlauren.co.kr/women/shop-by-category/jackets-and-outerwear-68/faux-leather-trim-trench-coat-882471/882635#1452063574448', '2016-01-05 17:46:00', '2016-01-05 17:46:00'),
(100009, 'BF5Y51012H', '', '브룩 스키니 치노 팬츠', 2, 'PANTS', 'W', '', 209000, '', 100002, '100009.jpg', 'http://www.ralphlauren.co.kr/women/shop-by-category/bottoms-68/brooke-skinny-chino-pant-864644/865494#1452064041059', '2016-01-05 17:46:00', '2016-01-05 17:46:00'),
(100010, 'BF5Y51013H', '', '윈도페인 울 플란넬 스커트', 2, 'SKIRT', 'W', '', 189000, '', 100002, '100010.jpg', 'http://www.ralphlauren.co.kr/women/shop-by-category/skirts-68/windowpane-wool-flannel-skirt-1010507/1010537#1452064332037', '2016-01-05 17:46:00', '2016-01-05 17:46:00'),
(100011, 'BC5938011R', '', '네이비 라쿤퍼 다운점퍼', 1, 'OUTER', 'M', '20,30', 292600, '', 100001, '100011.jpg', 'http://www.ssfshop.com/public/goods/detail/GM0015101255968/view', '2016-01-12 19:46:43', '2016-01-12 19:46:43'),
(100012, 'BC5X38001R', '', '네이비 화이트라쿤퍼 다운 점퍼', 1, 'OUTER', 'M', '20,30', 418600, '', 100001, '100012.jpg', 'http://www.ssfshop.com/public/goods/detail/GM0015102758259/view?cate=SFMA01', '2016-01-12 19:46:43', '2016-01-12 19:46:43'),
(100013, 'BC5Y64C02M', '', '그린 브러쉬 체크 셔츠', 1, 'SHIRTS', 'M', '30,40', 103600, '', 100001, '100013.jpg', 'http://www.ssfshop.com/public/goods/detail/GM0015111359530/view?cate=SFMA01A02', '2016-01-12 19:46:43', '2016-01-12 19:46:43'),
(100014, 'BC6151A03G', '', '머스타드 라운드넥 니트 풀오버', 1, 'CARDIGAN', 'M', '30,40', 198000, '', 100001, '100014.jpg', 'http://www.ssfshop.com/public/goods/detail/GM0015123080765/view?cate=SFMA01A03', '2016-01-12 19:46:43', '2016-01-12 19:46:43'),
(100015, 'BC6121C06P', '', '블루 워싱 진', 2, 'PANTS', 'M', '20,30,40', 188000, '', 100001, '100015.jpg', 'http://www.ssfshop.com/public/goods/detail/GM0015122480617/view?cate=SFMA01A04A01', '2016-01-12 19:46:43', '2016-01-12 19:46:43'),
(100016, 'BC5X38001R', '8801039932681', '네이비 화이트 라쿤퍼 다운점퍼', 1, 'OUTER', 'W', '20,30', 292600, '', 100001, '100016.png', 'http://www.ssfshop.com/public/goods/detail/GM0015102758259/view?cate=SFMA01', '2016-01-16 01:40:00', '2016-01-16 01:40:00'),
(100017, 'BF546722', '8809287140025', '쟈카드 울코트', 1, 'OUTER', 'W', '20,30', 418600, '', 100001, '100017.png', 'http://www.ssfshop.com/public/goods/detail/GM0015100855776/view', '2016-01-16 01:40:00', '2016-01-16 01:40:00'),
(100018, 'BF546722', '8801675558269', '에이형치마', 2, 'SKIRT', 'W', '30,40', 103600, '', 100001, '100018.png', 'http://www.ssfshop.com/public/goods/detail/GM0015081751367/view?cate=SFMA02A04&brnd=', '2016-01-16 01:40:00', '2016-01-16 01:40:00'),
(100019, 'TB467D328', '8809077790430', '윈드스토퍼 다운점퍼', 1, 'OUTER', 'W', '30,40', 198000, '', 100002, '100019.png', 'http://www.ssfshop.com/public/goods/detail/GM0015091553850/view', '2016-01-16 01:40:00', '2016-01-16 01:40:00'),
(100020, 'BF546722', '8809213410024', '에이형치마', 2, 'SKIRT', 'W', '20,30,40', 209000, '', 100001, '100020.png', 'http://www.ssfshop.com/public/goods/detail/GM0015081751366/view?cate=SFMA02A04', '2016-01-16 01:40:00', '2016-01-16 01:40:00'),
(100021, 'TRT456034', '8801301001428', '베이직 다운 패딩', 1, 'OUTER', 'W', '20,30', 699000, '', 100002, '100021.png', 'http://www.ssfshop.com/public/goods/detail/GM0015101656686/view', '2016-01-16 01:40:00', '2016-01-16 01:40:00'),
(100022, 'BF546722', '8801675572364', '에이형치마', 2, 'SKIRT', 'W', '30,40', 269000, '', 100001, '100022.png', 'http://www.ssfshop.com/public/goods/detail/GP0U15260846686/view?cate=SFMA02A04A03', '2016-01-16 01:40:00', '2016-01-16 01:40:00'),
(100023, 'KT46FT562', '8801376039005', '민트 니트 짜임', 1, 'CARDIGAN', 'W', '20,30,40', 167300, '', 100002, '100023.png', 'http://www.cherrykoko.com/shop/shopdetail.html?branduid=27445&xcode=106&mcode=003&scode=&type=Y&sort=order&cur_code=106&GfDT=bmt%2FW1w%3D&NaPm=ct%3Dijfy6qio%7Cci%3D0G00002m%2Dnzk0N8%5F00o0%7Ctr%3Dsa%7Chk%3Da427f3497a0bfd42de3d66d094aa52be855fc0df&NVKWD=%EB%AF%BC%ED%8A%B8%EB%8B%88%ED%8A%B8&NVADKWD=%EB%AF%BC%ED%8A%B8%EB%8B%88%ED%8A%B8&NVAR=PLAPRE_PC&NVADID=954375+0G00002m%2Dnzk0N8%5F00o0', '2016-01-16 01:40:00', '2016-01-16 01:40:00'),
(100025, 'BF5Y51004H', '', '블루 애니다운 하프점퍼', 1, 'OUTER', 'W', '20,30', 699000, '', 100001, '100001.jpg', 'http://www.ssfshop.com/public/goods/detail/GM0015100755614/view?cate=SFMA02', '2016-01-05 17:46:00', '2016-01-05 17:46:00');

-- --------------------------------------------------------

--
-- 테이블 구조 `ProductOption`
--

CREATE TABLE IF NOT EXISTS `ProductOption` (
  `OptionCode` int(6) NOT NULL DEFAULT '0' COMMENT 'OptionCode',
  `PrdCode` int(6) DEFAULT NULL COMMENT 'PrdCode',
  `PrdSize` varchar(3) DEFAULT NULL COMMENT 'PrdSize',
  `PrdColor` varchar(6) DEFAULT NULL COMMENT 'PrdColor',
  `PrdStock` int(10) DEFAULT NULL COMMENT 'PrdStock',
  `RegDate` datetime DEFAULT NULL COMMENT 'RegDate',
  `ModDate` datetime DEFAULT NULL COMMENT 'ModDate',
  PRIMARY KEY (`OptionCode`)
) ENGINE=MyISAM DEFAULT CHARSET=euckr COMMENT='ProductOption';

--
-- 테이블의 덤프 데이터 `ProductOption`
--

INSERT INTO `ProductOption` (`OptionCode`, `PrdCode`, `PrdSize`, `PrdColor`, `PrdStock`, `RegDate`, `ModDate`) VALUES
(100001, 100025, '90', 'ebceb1', 10, '2016-01-05 17:46:00', '2016-01-05 17:46:00'),
(100002, 100025, '95', 'ebceb1', 7, '2016-01-05 17:46:00', '2016-01-05 17:46:00'),
(100003, 100025, '100', 'ebceb1', 10, '2016-01-05 17:46:00', '2016-01-05 17:46:00'),
(100004, 100025, '90', '000000', 10, '2016-01-05 17:46:00', '2016-01-05 17:46:00'),
(100005, 100025, '95', '000000', 7, '2016-01-05 17:46:00', '2016-01-05 17:46:00'),
(100006, 100025, '100', '000000', 15, '2016-01-05 17:46:00', '2016-01-05 17:46:00'),
(100007, 100025, '90', '089acc', 10, '2016-01-05 17:46:00', '2016-01-05 17:46:00'),
(100008, 100025, '95', '089acc', 3, '2016-01-05 17:46:00', '2016-01-05 17:46:00'),
(100009, 100025, '100', '089acc', 10, '2016-01-05 17:46:00', '2016-01-05 17:46:00'),
(100010, 100002, 'S', 'd3a125', 10, '2016-01-05 17:46:00', '2016-01-05 17:46:00'),
(100011, 100002, 'M', 'd3a125', 10, '2016-01-05 17:46:00', '2016-01-05 17:46:00'),
(100012, 100002, 'S', 'a92078', 10, '2016-01-05 17:46:00', '2016-01-05 17:46:00'),
(100013, 100002, 'M', 'a92078', 10, '2016-01-05 17:46:00', '2016-01-05 17:46:00'),
(100014, 100003, '90', 'ebceb1', 10, '2016-01-05 17:46:00', '2016-01-05 17:46:00'),
(100015, 100003, '95', 'ebceb1', 10, '2016-01-05 17:46:00', '2016-01-05 17:46:00'),
(100016, 100003, '100', 'ebceb1', 10, '2016-01-05 17:46:00', '2016-01-05 17:46:00'),
(100017, 100003, '90', '000000', 10, '2016-01-05 17:46:00', '2016-01-05 17:46:00'),
(100018, 100003, '95', '000000', 10, '2016-01-05 17:46:00', '2016-01-05 17:46:00'),
(100019, 100003, '100', '000000', 10, '2016-01-05 17:46:00', '2016-01-05 17:46:00'),
(100020, 100003, '90', '089acc', 10, '2016-01-05 17:46:00', '2016-01-05 17:46:00'),
(100021, 100003, '95', '089acc', 10, '2016-01-05 17:46:00', '2016-01-05 17:46:00'),
(100022, 100003, '100', '089acc', 30, '2016-01-05 17:46:00', '2016-01-05 17:46:00'),
(100023, 100004, '67', 'fff4c7', 10, '2016-01-05 17:46:00', '2016-01-05 17:46:00'),
(100024, 100004, '70', 'fff4c7', 10, '2016-01-05 17:46:00', '2016-01-05 17:46:00'),
(100025, 100004, '73', 'fff4c7', 10, '2016-01-05 17:46:00', '2016-01-05 17:46:00'),
(100026, 100004, '76', 'fff4c7', 10, '2016-01-05 17:46:00', '2016-01-05 17:46:00'),
(100027, 100004, '67', 'aa704b', 10, '2016-01-05 17:46:00', '2016-01-05 17:46:00'),
(100028, 100004, '70', 'aa704b', 10, '2016-01-05 17:46:00', '2016-01-05 17:46:00'),
(100029, 100004, '73', 'aa704b', 8, '2016-01-05 17:46:00', '2016-01-05 17:46:00'),
(100030, 100004, '76', 'aa704b', 10, '2016-01-05 17:46:00', '2016-01-05 17:46:00'),
(100031, 100004, '67', '7b885c', 10, '2016-01-05 17:46:00', '2016-01-05 17:46:00'),
(100032, 100004, '70', '7b885c', 10, '2016-01-05 17:46:00', '2016-01-05 17:46:00'),
(100033, 100004, '73', '7b885c', 10, '2016-01-05 17:46:00', '2016-01-05 17:46:00'),
(100034, 100004, '76', '7b885c', 10, '2016-01-05 17:46:00', '2016-01-05 17:46:00'),
(100035, 100004, '67', '0a1f89', 10, '2016-01-05 17:46:00', '2016-01-05 17:46:00'),
(100036, 100004, '70', '0a1f89', 10, '2016-01-05 17:46:00', '2016-01-05 17:46:00'),
(100037, 100004, '73', '0a1f89', 10, '2016-01-05 17:46:00', '2016-01-05 17:46:00'),
(100038, 100004, '76', '0a1f89', 10, '2016-01-05 17:46:00', '2016-01-05 17:46:00'),
(100039, 100005, 'S', 'ffffff', 10, '2016-01-05 17:46:00', '2016-01-05 17:46:00'),
(100040, 100005, 'M', '808080', 10, '2016-01-05 17:46:00', '2016-01-05 17:46:00'),
(100041, 100005, 'S', 'ffffff', 10, '2016-01-05 17:46:00', '2016-01-05 17:46:00'),
(100042, 100005, 'M', '808080', 10, '2016-01-05 17:46:00', '2016-01-05 17:46:00'),
(100043, 100006, 'XS', 'cc996c', 10, '2016-01-05 17:46:00', '2016-01-05 17:46:00'),
(100044, 100006, 'M', 'cc996c', 10, '2016-01-05 17:46:00', '2016-01-05 17:46:00'),
(100045, 100007, 'XXS', '615C58', 10, '2016-01-05 17:46:00', '2016-01-05 17:46:00'),
(100046, 100007, 'XS', '615C58', 10, '2016-01-05 17:46:00', '2016-01-05 17:46:00'),
(100047, 100007, 'S', '615C58', 10, '2016-01-05 17:46:00', '2016-01-05 17:46:00'),
(100048, 100007, 'M', '615C58', 10, '2016-01-05 17:46:00', '2016-01-05 17:46:00'),
(100049, 100007, 'L', '615C58', 10, '2016-01-05 17:46:00', '2016-01-05 17:46:00'),
(100050, 100008, 'XXS', 'EDD3BC', 10, '2016-01-05 17:46:00', '2016-01-05 17:46:00'),
(100051, 100008, 'XS', 'EDD3BC', 10, '2016-01-05 17:46:00', '2016-01-05 17:46:00'),
(100052, 100008, 'S', 'EDD3BC', 10, '2016-01-05 17:46:00', '2016-01-05 17:46:00'),
(100053, 100008, 'M', 'EDD3BC', 10, '2016-01-05 17:46:00', '2016-01-05 17:46:00'),
(100054, 100008, 'L', 'EDD3BC', 10, '2016-01-05 17:46:00', '2016-01-05 17:46:00'),
(100055, 100009, '0', 'BFB7B5', 10, '2016-01-05 17:46:00', '2016-01-05 17:46:00'),
(100056, 100009, '2', 'BFB7B5', 10, '2016-01-05 17:46:00', '2016-01-05 17:46:00'),
(100057, 100009, '4', 'BFB7B5', 10, '2016-01-05 17:46:00', '2016-01-05 17:46:00'),
(100058, 100009, '6', 'BFB7B5', 10, '2016-01-05 17:46:00', '2016-01-05 17:46:00'),
(100059, 100009, '8', 'BFB7B5', 10, '2016-01-05 17:46:00', '2016-01-05 17:46:00'),
(100060, 100009, '10', 'BFB7B5', 10, '2016-01-05 17:46:00', '2016-01-05 17:46:00'),
(100061, 100010, '0', 'DFD8C8', 10, '2016-01-05 17:46:00', '2016-01-05 17:46:00'),
(100062, 100010, '2', 'DFD8C8', 10, '2016-01-05 17:46:00', '2016-01-05 17:46:00'),
(100063, 100010, '4', 'DFD8C8', 10, '2016-01-05 17:46:00', '2016-01-05 17:46:00'),
(100064, 100010, '6', 'DFD8C8', 10, '2016-01-05 17:46:00', '2016-01-05 17:46:00'),
(100065, 100010, '8', 'DFD8C8', 10, '2016-01-05 17:46:00', '2016-01-05 17:46:00'),
(100082, 100011, '110', '0a1f89', 10, '2016-02-05 19:37:00', '2016-02-05 19:37:00'),
(100081, 100011, '105', '0a1f89', 10, '2016-02-05 19:37:00', '2016-02-05 19:37:00'),
(100080, 100011, '100', '0a1f89', 10, '2016-02-05 19:37:00', '2016-02-05 19:37:00'),
(100079, 100011, '95', '0a1f89', 10, '2016-02-05 19:37:00', '2016-02-05 19:37:00'),
(100078, 100011, '90', '0a1f89', 10, '2016-02-05 19:37:00', '2016-02-05 19:37:00'),
(100077, 100011, '115', 'f80040', 10, '2016-02-05 19:37:00', '2016-02-05 19:37:00'),
(100076, 100011, '110', 'f80040', 10, '2016-02-05 19:37:00', '2016-02-05 19:37:00'),
(100075, 100011, '105', 'f80040', 10, '2016-02-05 19:37:00', '2016-02-05 19:37:00'),
(100074, 100011, '100', 'f80040', 10, '2016-02-05 19:37:00', '2016-02-05 19:37:00'),
(100073, 100011, '95', 'f80040', 10, '2016-02-05 19:37:00', '2016-02-05 19:37:00'),
(100072, 100011, '90', 'f80040', 10, '2016-02-05 19:37:00', '2016-02-05 19:37:00'),
(100071, 100011, '115', '000000', 10, '2016-02-05 19:37:00', '2016-02-05 19:37:00'),
(100070, 100011, '110', '000000', 10, '2016-02-05 19:37:00', '2016-02-05 19:37:00'),
(100069, 100011, '105', '000000', 10, '2016-02-05 19:37:00', '2016-02-05 19:37:00'),
(100068, 100011, '100', '000000', 10, '2016-02-05 19:37:00', '2016-02-05 19:37:00'),
(100067, 100011, '95', '000000', 10, '2016-02-05 19:37:00', '2016-02-05 19:37:00'),
(100066, 100011, '90', '000000', 10, '2016-02-05 19:37:00', '2016-02-05 19:37:00'),
(100083, 100011, '115', '0a1f89', 10, '2016-02-05 19:37:00', '2016-02-05 19:37:00'),
(100084, 100011, '90', 'd3a125', 10, '2016-02-05 19:37:00', '2016-02-05 19:37:00'),
(100085, 100011, '95', 'd3a125', 10, '2016-02-05 19:37:00', '2016-02-05 19:37:00'),
(100086, 100011, '100', 'd3a125', 10, '2016-02-05 19:37:00', '2016-02-05 19:37:00'),
(100087, 100011, '105', 'd3a125', 10, '2016-02-05 19:37:00', '2016-02-05 19:37:00'),
(100088, 100011, '110', 'd3a125', 10, '2016-02-05 19:37:00', '2016-02-05 19:37:00'),
(100089, 100011, '115', 'd3a125', 10, '2016-02-05 19:37:00', '2016-02-05 19:37:00'),
(100090, 100011, '90', '7b885c', 10, '2016-02-05 19:37:00', '2016-02-05 19:37:00'),
(100091, 100011, '95', '7b885c', 10, '2016-02-05 19:37:00', '2016-02-05 19:37:00'),
(100092, 100011, '100', '7b885c', 10, '2016-02-05 19:37:00', '2016-02-05 19:37:00'),
(100093, 100011, '105', '7b885c', 10, '2016-02-05 19:37:00', '2016-02-05 19:37:00'),
(100094, 100011, '110', '7b885c', 10, '2016-02-05 19:37:00', '2016-02-05 19:37:00'),
(100095, 100011, '115', '7b885c', 10, '2016-02-05 19:37:00', '2016-02-05 19:37:00'),
(100096, 100011, '90', '089acc', 10, '2016-02-05 19:37:00', '2016-02-05 19:37:00'),
(100097, 100011, '95', '089acc', 10, '2016-02-05 19:37:00', '2016-02-05 19:37:00'),
(100098, 100011, '100', '089acc', 10, '2016-02-05 19:37:00', '2016-02-05 19:37:00'),
(100099, 100011, '105', '089acc', 10, '2016-02-05 19:37:00', '2016-02-05 19:37:00'),
(100100, 100011, '110', '089acc', 10, '2016-02-05 19:37:00', '2016-02-05 19:37:00'),
(100101, 100011, '115', '089acc', 10, '2016-02-05 19:37:00', '2016-02-05 19:37:00'),
(100102, 100012, '90', '1b8056', 10, '2016-02-05 19:37:00', '2016-02-05 19:37:00'),
(100103, 100012, '95', '1b8056', 10, '2016-02-05 19:37:00', '2016-02-05 19:37:00'),
(100104, 100012, '100', '1b8056', 10, '2016-02-05 19:37:00', '2016-02-05 19:37:00'),
(100105, 100012, '105', '1b8056', 10, '2016-02-05 19:37:00', '2016-02-05 19:37:00'),
(100106, 100012, '110', '1b8056', 10, '2016-02-05 19:37:00', '2016-02-05 19:37:00'),
(100107, 100012, '115', '1b8056', 10, '2016-02-05 19:37:00', '2016-02-05 19:37:00'),
(100108, 100012, '90', '0a1f89', 10, '2016-02-05 19:37:00', '2016-02-05 19:37:00'),
(100109, 100012, '95', '0a1f89', 10, '2016-02-05 19:37:00', '2016-02-05 19:37:00'),
(100110, 100012, '100', '0a1f89', 10, '2016-02-05 19:37:00', '2016-02-05 19:37:00'),
(100111, 100012, '105', '0a1f89', 10, '2016-02-05 19:37:00', '2016-02-05 19:37:00'),
(100112, 100012, '110', '0a1f89', 10, '2016-02-05 19:37:00', '2016-02-05 19:37:00'),
(100113, 100012, '115', '0a1f89', 10, '2016-02-05 19:37:00', '2016-02-05 19:37:00'),
(100114, 100013, '95', 'fff4c7', 10, '2016-02-05 19:37:00', '2016-02-05 19:37:00'),
(100115, 100013, '100', 'fff4c7', 10, '2016-02-05 19:37:00', '2016-02-05 19:37:00'),
(100116, 100013, '105', 'fff4c7', 10, '2016-02-05 19:37:00', '2016-02-05 19:37:00'),
(100117, 100013, '110', 'fff4c7', 10, '2016-02-05 19:37:00', '2016-02-05 19:37:00'),
(100118, 100013, '95', '1b8056', 10, '2016-02-05 19:37:00', '2016-02-05 19:37:00'),
(100119, 100013, '100', '1b8056', 10, '2016-02-05 19:37:00', '2016-02-05 19:37:00'),
(100120, 100013, '105', '1b8056', 10, '2016-02-05 19:37:00', '2016-02-05 19:37:00'),
(100121, 100013, '110', '1b8056', 10, '2016-02-05 19:37:00', '2016-02-05 19:37:00'),
(100122, 100014, '95', 'd3a125', 10, '2016-02-05 19:37:00', '2016-02-05 19:37:00'),
(100123, 100014, '100', 'd3a125', 10, '2016-02-05 19:37:00', '2016-02-05 19:37:00'),
(100124, 100014, '105', 'd3a125', 10, '2016-02-05 19:37:00', '2016-02-05 19:37:00'),
(100125, 100014, '95', '089acc', 10, '2016-02-05 19:37:00', '2016-02-05 19:37:00'),
(100126, 100014, '100', '089acc', 10, '2016-02-05 19:37:00', '2016-02-05 19:37:00'),
(100127, 100014, '105', '089acc', 10, '2016-02-05 19:37:00', '2016-02-05 19:37:00'),
(100128, 100015, '76', '25436f', 10, '2016-02-05 19:37:00', '2016-02-05 19:37:00'),
(100129, 100015, '80', '25436f', 10, '2016-02-05 19:37:00', '2016-02-05 19:37:00'),
(100130, 100015, '82', '25436f', 1, '2016-02-05 19:37:00', '2016-02-05 19:37:00'),
(100131, 100015, '84', '25436f', 10, '2016-02-05 19:37:00', '2016-02-05 19:37:00'),
(100132, 100015, '86', '25436f', 10, '2016-02-05 19:37:00', '2016-02-05 19:37:00'),
(100133, 100016, '90', 'ebceb1', 10, '2016-01-05 17:46:00', '2016-01-05 17:46:00'),
(100134, 100016, '95', 'ebceb1', 7, '2016-01-05 17:46:00', '2016-01-05 17:46:00'),
(100135, 100016, '100', 'ebceb1', 10, '2016-01-05 17:46:00', '2016-01-05 17:46:00'),
(100136, 100016, '90', '000000', 10, '2016-01-05 17:46:00', '2016-01-05 17:46:00'),
(100137, 100016, '95', '000000', 7, '2016-01-05 17:46:00', '2016-01-05 17:46:00'),
(100138, 100016, '100', '000000', 15, '2016-01-05 17:46:00', '2016-01-05 17:46:00'),
(100139, 100016, '90', '089acc', 10, '2016-01-05 17:46:00', '2016-01-05 17:46:00'),
(100140, 100016, '95', '089acc', 3, '2016-01-05 17:46:00', '2016-01-05 17:46:00'),
(100141, 100016, '100', '089acc', 10, '2016-01-05 17:46:00', '2016-01-05 17:46:00'),
(100142, 100017, 'S', 'd3a125', 10, '2016-01-05 17:46:00', '2016-01-05 17:46:00'),
(100143, 100017, 'M', 'd3a125', 10, '2016-01-05 17:46:00', '2016-01-05 17:46:00'),
(100144, 100017, 'S', 'a92078', 10, '2016-01-05 17:46:00', '2016-01-05 17:46:00'),
(100145, 100017, 'M', 'a92078', 10, '2016-01-05 17:46:00', '2016-01-05 17:46:00'),
(100146, 100018, '90', 'ebceb1', 10, '2016-01-05 17:46:00', '2016-01-05 17:46:00'),
(100147, 100018, '95', 'ebceb1', 10, '2016-01-05 17:46:00', '2016-01-05 17:46:00'),
(100148, 100018, '100', 'ebceb1', 10, '2016-01-05 17:46:00', '2016-01-05 17:46:00'),
(100149, 100018, '90', '000000', 10, '2016-01-05 17:46:00', '2016-01-05 17:46:00'),
(100150, 100018, '95', '000000', 10, '2016-01-05 17:46:00', '2016-01-05 17:46:00'),
(100151, 100018, '100', '000000', 10, '2016-01-05 17:46:00', '2016-01-05 17:46:00'),
(100152, 100018, '90', '089acc', 10, '2016-01-05 17:46:00', '2016-01-05 17:46:00'),
(100153, 100018, '95', '089acc', 10, '2016-01-05 17:46:00', '2016-01-05 17:46:00'),
(100154, 100018, '100', '089acc', 30, '2016-01-05 17:46:00', '2016-01-05 17:46:00'),
(100155, 100019, '67', 'fff4c7', 10, '2016-01-05 17:46:00', '2016-01-05 17:46:00'),
(100156, 100019, '70', 'fff4c7', 10, '2016-01-05 17:46:00', '2016-01-05 17:46:00'),
(100157, 100019, '73', 'fff4c7', 10, '2016-01-05 17:46:00', '2016-01-05 17:46:00'),
(100158, 100019, '76', 'fff4c7', 10, '2016-01-05 17:46:00', '2016-01-05 17:46:00'),
(100159, 100019, '67', 'aa704b', 10, '2016-01-05 17:46:00', '2016-01-05 17:46:00'),
(100160, 100019, '70', 'aa704b', 10, '2016-01-05 17:46:00', '2016-01-05 17:46:00'),
(100161, 100019, '73', 'aa704b', 8, '2016-01-05 17:46:00', '2016-01-05 17:46:00'),
(100162, 100019, '76', 'aa704b', 10, '2016-01-05 17:46:00', '2016-01-05 17:46:00'),
(100163, 100019, '67', '7b885c', 10, '2016-01-05 17:46:00', '2016-01-05 17:46:00'),
(100164, 100019, '70', '7b885c', 10, '2016-01-05 17:46:00', '2016-01-05 17:46:00'),
(100165, 100019, '73', '7b885c', 10, '2016-01-05 17:46:00', '2016-01-05 17:46:00'),
(100166, 100019, '76', '7b885c', 10, '2016-01-05 17:46:00', '2016-01-05 17:46:00'),
(100167, 100019, '67', '0a1f89', 10, '2016-01-05 17:46:00', '2016-01-05 17:46:00'),
(100168, 100019, '70', '0a1f89', 10, '2016-01-05 17:46:00', '2016-01-05 17:46:00'),
(100169, 100019, '73', '0a1f89', 10, '2016-01-05 17:46:00', '2016-01-05 17:46:00'),
(100170, 100019, '76', '0a1f89', 10, '2016-01-05 17:46:00', '2016-01-05 17:46:00'),
(100171, 100020, 'S', 'ffffff', 10, '2016-01-05 17:46:00', '2016-01-05 17:46:00'),
(100172, 100020, 'M', '808080', 10, '2016-01-05 17:46:00', '2016-01-05 17:46:00'),
(100173, 100020, 'S', 'ffffff', 10, '2016-01-05 17:46:00', '2016-01-05 17:46:00'),
(100174, 100020, 'M', '808080', 10, '2016-01-05 17:46:00', '2016-01-05 17:46:00'),
(100175, 100021, 'XS', 'cc996c', 10, '2016-01-05 17:46:00', '2016-01-05 17:46:00'),
(100176, 100021, 'M', 'cc996c', 10, '2016-01-05 17:46:00', '2016-01-05 17:46:00'),
(100177, 100022, 'XXS', '615C58', 10, '2016-01-05 17:46:00', '2016-01-05 17:46:00'),
(100178, 100022, 'XS', '615C58', 10, '2016-01-05 17:46:00', '2016-01-05 17:46:00'),
(100179, 100022, 'S', '615C58', 10, '2016-01-05 17:46:00', '2016-01-05 17:46:00'),
(100180, 100022, 'M', '615C58', 10, '2016-01-05 17:46:00', '2016-01-05 17:46:00'),
(100181, 100022, 'L', '615C58', 10, '2016-01-05 17:46:00', '2016-01-05 17:46:00'),
(100182, 100023, 'XXS', 'EDD3BC', 10, '2016-01-05 17:46:00', '2016-01-05 17:46:00'),
(100183, 100023, 'XS', 'EDD3BC', 10, '2016-01-05 17:46:00', '2016-01-05 17:46:00'),
(100184, 100023, 'S', 'EDD3BC', 10, '2016-01-05 17:46:00', '2016-01-05 17:46:00'),
(100185, 100023, 'M', 'EDD3BC', 10, '2016-01-05 17:46:00', '2016-01-05 17:46:00'),
(100186, 100023, 'L', 'EDD3BC', 10, '2016-01-05 17:46:00', '2016-01-05 17:46:00');

-- --------------------------------------------------------

--
-- 테이블 구조 `ProductPromotion`
--

CREATE TABLE IF NOT EXISTS `ProductPromotion` (
  `PrdCode` int(6) NOT NULL DEFAULT '0' COMMENT 'PrdCode',
  `PromotionType` int(3) DEFAULT NULL COMMENT 'PromotionType',
  `StartDate` datetime DEFAULT NULL COMMENT 'StartDate',
  `EndDate` datetime DEFAULT NULL COMMENT 'EndDate',
  `RegDate` datetime DEFAULT NULL COMMENT 'RegDate',
  `ModDate` datetime DEFAULT NULL COMMENT 'ModDate',
  PRIMARY KEY (`PrdCode`)
) ENGINE=MyISAM DEFAULT CHARSET=euckr COMMENT='ProductPromotion';

--
-- 테이블의 덤프 데이터 `ProductPromotion`
--

INSERT INTO `ProductPromotion` (`PrdCode`, `PromotionType`, `StartDate`, `EndDate`, `RegDate`, `ModDate`) VALUES
(100001, NULL, '2016-01-01 00:00:00', '2017-01-01 00:00:00', '2016-01-10 17:55:07', '2016-01-10 17:55:07'),
(100002, NULL, '2016-01-01 00:00:00', '2017-01-01 00:00:00', '2016-01-10 17:55:07', '2016-01-10 17:55:07'),
(100011, NULL, '2016-01-01 23:55:15', '2017-01-01 23:55:15', '2016-01-01 23:55:15', '2016-01-01 23:55:15'),
(100015, NULL, '2016-01-01 23:55:15', '2017-01-01 23:55:15', '2016-01-01 23:55:15', '2016-01-01 23:55:15');

-- --------------------------------------------------------

--
-- 테이블 구조 `ProductSearchLog`
--

CREATE TABLE IF NOT EXISTS `ProductSearchLog` (
  `LogCode` int(6) NOT NULL DEFAULT '0' COMMENT 'LogCode',
  `SearchMember` int(6) DEFAULT NULL COMMENT 'SearchMember',
  `SearchProduct` int(6) DEFAULT NULL COMMENT 'SearchProduct',
  `RegDate` datetime DEFAULT NULL COMMENT 'RegDate',
  `ModDate` datetime DEFAULT NULL COMMENT 'ModDate',
  PRIMARY KEY (`LogCode`)
) ENGINE=MyISAM DEFAULT CHARSET=euckr COMMENT='ProductSearchLog';

--
-- 테이블의 덤프 데이터 `ProductSearchLog`
--

INSERT INTO `ProductSearchLog` (`LogCode`, `SearchMember`, `SearchProduct`, `RegDate`, `ModDate`) VALUES
(100000, NULL, NULL, NULL, NULL),
(100001, 100001, 100001, '2016-01-06 19:28:20', '2016-01-06 19:28:20'),
(100002, 0, 100010, '2016-01-08 20:45:58', '2016-01-08 20:45:58'),
(100003, 0, 0, '2016-01-08 20:52:56', '2016-01-08 20:52:56'),
(100004, 0, 0, '2016-01-08 20:54:19', '2016-01-08 20:54:19'),
(100005, 0, 0, '2016-01-08 20:54:40', '2016-01-08 20:54:40'),
(100006, 0, 100001, '2016-01-08 20:56:09', '2016-01-08 20:56:09'),
(100007, 0, 100001, '2016-01-08 21:02:30', '2016-01-08 21:02:30'),
(100008, 0, 100001, '2016-01-08 21:04:44', '2016-01-08 21:04:44'),
(100009, 0, 100001, '2016-01-08 21:05:33', '2016-01-08 21:05:33'),
(100010, 0, 100001, '2016-01-08 21:18:40', '2016-01-08 21:18:40'),
(100011, 0, 100001, '2016-01-08 21:18:44', '2016-01-08 21:18:44'),
(100012, 0, 100001, '2016-01-08 21:19:05', '2016-01-08 21:19:05'),
(100013, 0, 100001, '2016-01-08 21:24:47', '2016-01-08 21:24:47'),
(100014, 0, 100001, '2016-01-08 21:24:54', '2016-01-08 21:24:54'),
(100015, 0, 100001, '2016-01-08 21:27:49', '2016-01-08 21:27:49'),
(100016, 0, 100001, '2016-01-08 21:27:53', '2016-01-08 21:27:53'),
(100017, 0, 100001, '2016-01-08 21:39:35', '2016-01-08 21:39:35'),
(100018, 0, 100001, '2016-01-08 21:51:54', '2016-01-08 21:51:54'),
(100019, 100003, 100001, '2016-01-08 22:18:48', '2016-01-08 22:18:48'),
(100020, 100003, 100001, '2016-01-08 22:22:10', '2016-01-08 22:22:10'),
(100021, 100003, 100001, '2016-01-08 22:29:25', '2016-01-08 22:29:25'),
(100022, 100003, 100001, '2016-01-08 22:30:48', '2016-01-08 22:30:48'),
(100023, 100003, 100001, '2016-01-08 23:13:35', '2016-01-08 23:13:35'),
(100024, 100003, 100001, '2016-01-08 23:18:16', '2016-01-08 23:18:16'),
(100025, 100003, 100001, '2016-01-08 23:18:20', '2016-01-08 23:18:20'),
(100026, 100003, 100001, '2016-01-08 23:28:31', '2016-01-08 23:28:31'),
(100027, 100003, 100001, '2016-01-08 23:36:56', '2016-01-08 23:36:56'),
(100028, 100003, 100001, '2016-01-08 23:51:15', '2016-01-08 23:51:15'),
(100029, 100003, 100001, '2016-01-09 00:18:02', '2016-01-09 00:18:02'),
(100030, 100003, 100001, '2016-01-09 00:34:38', '2016-01-09 00:34:38'),
(100031, 100003, 100001, '2016-01-09 00:35:52', '2016-01-09 00:35:52'),
(100032, 100003, 100001, '2016-01-09 00:41:49', '2016-01-09 00:41:49'),
(100033, 100003, 100001, '2016-01-09 00:43:37', '2016-01-09 00:43:37'),
(100034, 100003, 100001, '2016-01-09 00:45:23', '2016-01-09 00:45:23'),
(100035, 100003, 100001, '2016-01-09 00:47:05', '2016-01-09 00:47:05'),
(100036, 100003, 100001, '2016-01-09 00:48:24', '2016-01-09 00:48:24'),
(100037, 100003, 100001, '2016-01-09 00:51:18', '2016-01-09 00:51:18'),
(100038, 100003, 100001, '2016-01-09 00:53:20', '2016-01-09 00:53:20'),
(100039, 100003, 0, '2016-01-09 00:56:09', '2016-01-09 00:56:09'),
(100040, 100003, 100001, '2016-01-09 00:56:18', '2016-01-09 00:56:18'),
(100041, 100003, 100001, '2016-01-09 00:57:13', '2016-01-09 00:57:13'),
(100042, 100003, 100001, '2016-01-09 01:00:18', '2016-01-09 01:00:18'),
(100043, 100003, 100001, '2016-01-09 01:01:53', '2016-01-09 01:01:53'),
(100044, 100003, 0, '2016-01-09 01:04:11', '2016-01-09 01:04:11'),
(100045, 100003, 100001, '2016-01-09 01:04:16', '2016-01-09 01:04:16'),
(100046, 100003, 100001, '2016-01-09 01:22:42', '2016-01-09 01:22:42'),
(100047, 100003, 100001, '2016-01-09 01:25:45', '2016-01-09 01:25:45'),
(100048, 100003, 100001, '2016-01-09 01:26:49', '2016-01-09 01:26:49'),
(100049, 100003, 100001, '2016-01-09 01:27:45', '2016-01-09 01:27:45'),
(100050, 100003, 100001, '2016-01-09 01:28:11', '2016-01-09 01:28:11'),
(100051, 100003, 100001, '2016-01-09 01:29:46', '2016-01-09 01:29:46'),
(100052, 100003, 100001, '2016-01-09 01:31:17', '2016-01-09 01:31:17'),
(100053, 100003, 100001, '2016-01-09 16:16:35', '2016-01-09 16:16:35'),
(100054, 100003, 100001, '2016-01-09 16:19:13', '2016-01-09 16:19:13'),
(100055, 100003, 100001, '2016-01-09 16:20:11', '2016-01-09 16:20:11'),
(100056, 100003, 100001, '2016-01-09 16:24:51', '2016-01-09 16:24:51'),
(100057, 100003, 100001, '2016-01-09 18:08:31', '2016-01-09 18:08:31'),
(100058, 100003, 100001, '2016-01-09 19:32:32', '2016-01-09 19:32:32'),
(100059, 100003, 100001, '2016-01-09 19:34:13', '2016-01-09 19:34:13'),
(100060, 100003, 100001, '2016-01-09 19:37:21', '2016-01-09 19:37:21'),
(100061, 100003, 100001, '2016-01-09 19:39:02', '2016-01-09 19:39:02'),
(100062, 100003, 100001, '2016-01-09 19:39:20', '2016-01-09 19:39:20'),
(100063, 100003, 100001, '2016-01-09 19:52:03', '2016-01-09 19:52:03'),
(100064, 100003, 100001, '2016-01-09 19:52:22', '2016-01-09 19:52:22'),
(100065, 100003, 100001, '2016-01-09 19:54:18', '2016-01-09 19:54:18'),
(100066, 100003, 100001, '2016-01-09 19:56:05', '2016-01-09 19:56:05'),
(100067, 100003, 100001, '2016-01-09 19:57:44', '2016-01-09 19:57:44'),
(100068, 100003, 100001, '2016-01-09 20:02:54', '2016-01-09 20:02:54'),
(100069, 100003, 100001, '2016-01-09 20:06:28', '2016-01-09 20:06:28'),
(100070, 0, 0, '2016-01-09 21:24:52', '2016-01-09 21:24:52'),
(100071, 0, 100001, '2016-01-09 21:25:00', '2016-01-09 21:25:00'),
(100072, 100003, 100001, '2016-01-09 22:02:35', '2016-01-09 22:02:35'),
(100073, 100003, 0, '2016-01-09 22:04:45', '2016-01-09 22:04:45'),
(100074, 100003, 100001, '2016-01-09 22:04:50', '2016-01-09 22:04:50'),
(100075, 0, 100001, '2016-01-09 22:08:29', '2016-01-09 22:08:29'),
(100076, 100003, 100001, '2016-01-09 22:12:23', '2016-01-09 22:12:23'),
(100077, 100003, 100001, '2016-01-09 22:23:38', '2016-01-09 22:23:38'),
(100078, 100003, 100001, '2016-01-09 22:25:14', '2016-01-09 22:25:14'),
(100079, 100003, 100001, '2016-01-09 22:29:11', '2016-01-09 22:29:11'),
(100080, 100003, 100001, '2016-01-09 22:32:53', '2016-01-09 22:32:53'),
(100081, 100003, 100001, '2016-01-09 22:34:22', '2016-01-09 22:34:22'),
(100082, 100003, 100001, '2016-01-09 22:36:05', '2016-01-09 22:36:05'),
(100083, 100003, 100001, '2016-01-09 22:41:25', '2016-01-09 22:41:25'),
(100084, 100003, 100001, '2016-01-09 22:53:15', '2016-01-09 22:53:15'),
(100085, 100003, 100001, '2016-01-09 22:55:13', '2016-01-09 22:55:13'),
(100086, 100003, 100001, '2016-01-09 23:00:02', '2016-01-09 23:00:02'),
(100087, 100003, 0, '2016-01-09 23:02:36', '2016-01-09 23:02:36'),
(100088, 100003, 0, '2016-01-09 23:02:42', '2016-01-09 23:02:42'),
(100089, 100003, 0, '2016-01-09 23:02:47', '2016-01-09 23:02:47'),
(100090, 100003, 100001, '2016-01-09 23:02:55', '2016-01-09 23:02:55'),
(100091, 100003, 100001, '2016-01-09 23:10:07', '2016-01-09 23:10:07'),
(100092, 100003, 100001, '2016-01-09 23:10:56', '2016-01-09 23:10:56'),
(100093, 100003, 100001, '2016-01-09 23:26:20', '2016-01-09 23:26:20'),
(100094, 100003, 100001, '2016-01-10 01:11:11', '2016-01-10 01:11:11'),
(100095, 100003, 100001, '2016-01-10 02:51:44', '2016-01-10 02:51:44'),
(100096, 100003, 100001, '2016-01-10 02:51:59', '2016-01-10 02:51:59'),
(100097, 100003, 100001, '2016-01-10 03:30:22', '2016-01-10 03:30:22'),
(100098, 100003, 0, '2016-01-10 03:34:02', '2016-01-10 03:34:02'),
(100099, 100003, 100001, '2016-01-10 03:34:07', '2016-01-10 03:34:07'),
(100100, 100003, 100001, '2016-01-10 03:37:54', '2016-01-10 03:37:54'),
(100101, 100003, 100001, '2016-01-10 03:41:46', '2016-01-10 03:41:46'),
(100102, 100003, 100006, '2016-01-10 03:43:02', '2016-01-10 03:43:02'),
(100103, 100003, 100001, '2016-01-10 03:44:46', '2016-01-10 03:44:46'),
(100104, 100003, 100006, '2016-01-10 03:45:57', '2016-01-10 03:45:57'),
(100105, 100003, 100001, '2016-01-10 03:49:33', '2016-01-10 03:49:33'),
(100106, 100003, 100001, '2016-01-10 04:09:56', '2016-01-10 04:09:56'),
(100107, 100003, 100001, '2016-01-10 04:11:55', '2016-01-10 04:11:55'),
(100108, 100003, 100001, '2016-01-10 04:14:47', '2016-01-10 04:14:47'),
(100109, 100003, 100001, '2016-01-10 04:18:56', '2016-01-10 04:18:56'),
(100110, 100003, 100001, '2016-01-10 04:20:13', '2016-01-10 04:20:13'),
(100111, 100004, 100003, '2016-01-12 16:20:47', '2016-01-12 16:20:47'),
(100112, 100004, 0, '2016-01-12 16:21:16', '2016-01-12 16:21:16'),
(100113, 100004, 100001, '2016-01-12 16:21:27', '2016-01-12 16:21:27'),
(100114, 100004, 0, '2016-01-12 16:51:12', '2016-01-12 16:51:12'),
(100115, 100004, 0, '2016-01-12 16:51:27', '2016-01-12 16:51:27'),
(100116, 100004, 100006, '2016-01-12 16:51:44', '2016-01-12 16:51:44'),
(100117, 100004, 100006, '2016-01-12 16:54:19', '2016-01-12 16:54:19'),
(100118, 100004, 100001, '2016-01-12 17:22:25', '2016-01-12 17:22:25'),
(100119, 100004, 100001, '2016-01-12 17:22:42', '2016-01-12 17:22:42'),
(100120, 100004, 100001, '2016-01-12 17:30:26', '2016-01-12 17:30:26'),
(100121, 100004, 100003, '2016-01-12 17:37:05', '2016-01-12 17:37:05'),
(100122, 100004, 100001, '2016-01-12 17:38:15', '2016-01-12 17:38:15'),
(100123, 100004, 0, '2016-01-12 17:41:13', '2016-01-12 17:41:13'),
(100124, 100004, 100001, '2016-01-12 17:41:22', '2016-01-12 17:41:22'),
(100125, 100004, 0, '2016-01-12 17:45:12', '2016-01-12 17:45:12'),
(100126, 100004, 100001, '2016-01-12 17:45:24', '2016-01-12 17:45:24'),
(100127, 100004, 0, '2016-01-12 17:57:37', '2016-01-12 17:57:37'),
(100128, 100004, 100001, '2016-01-12 17:57:46', '2016-01-12 17:57:46'),
(100129, 100004, 100001, '2016-01-12 18:06:38', '2016-01-12 18:06:38'),
(100130, 100004, 100001, '2016-01-12 18:07:33', '2016-01-12 18:07:33'),
(100131, 100004, 0, '2016-01-12 18:07:58', '2016-01-12 18:07:58'),
(100132, 100004, 100006, '2016-01-12 18:08:10', '2016-01-12 18:08:10'),
(100133, 100004, 0, '2016-01-12 18:10:45', '2016-01-12 18:10:45'),
(100134, 100004, 100006, '2016-01-12 18:11:05', '2016-01-12 18:11:05'),
(100135, 100004, 0, '2016-01-12 18:11:39', '2016-01-12 18:11:39'),
(100136, 100004, 100003, '2016-01-12 18:12:07', '2016-01-12 18:12:07'),
(100137, 100004, 100006, '2016-01-12 18:12:19', '2016-01-12 18:12:19'),
(100138, 100004, 100006, '2016-01-12 18:23:45', '2016-01-12 18:23:45'),
(100139, 100004, 100006, '2016-01-12 18:30:44', '2016-01-12 18:30:44'),
(100140, 100004, 100003, '2016-01-12 18:30:59', '2016-01-12 18:30:59'),
(100141, 100004, 100003, '2016-01-12 18:38:48', '2016-01-12 18:38:48'),
(100142, 100001, 100004, '2016-01-12 20:08:33', '2016-01-12 20:08:33'),
(100143, 100001, 100011, '2016-01-12 20:08:33', '2016-01-12 20:08:33'),
(100144, 100001, 100012, '2016-01-12 20:08:33', '2016-01-12 20:08:33'),
(100145, 100001, 100013, '2016-01-12 20:08:33', '2016-01-12 20:08:33'),
(100146, 100001, 100002, '2016-01-13 01:58:59', '2016-01-13 01:58:59'),
(100147, 100001, 100004, '2016-01-13 01:58:59', '2016-01-13 01:58:59'),
(100148, 100001, 100005, '2016-01-13 01:58:59', '2016-01-13 01:58:59'),
(100149, 100001, 100014, '2016-01-13 01:58:59', '2016-01-13 01:58:59'),
(100150, 100001, 100015, '2016-01-13 01:58:59', '2016-01-13 01:58:59'),
(100151, 100003, 100006, '2016-01-13 02:46:54', '2016-01-13 02:46:54'),
(100152, 100003, 100006, '2016-01-13 02:53:08', '2016-01-13 02:53:08'),
(100153, 100003, 100003, '2016-01-13 02:53:20', '2016-01-13 02:53:20'),
(100154, 100003, 100003, '2016-01-13 02:53:30', '2016-01-13 02:53:30'),
(100155, 100003, 100003, '2016-01-13 02:56:59', '2016-01-13 02:56:59'),
(100156, 100003, 100003, '2016-01-13 02:57:10', '2016-01-13 02:57:10'),
(100157, 100004, 0, '2016-01-13 16:18:22', '2016-01-13 16:18:22'),
(100158, 100004, 0, '2016-01-13 16:18:30', '2016-01-13 16:18:30'),
(100159, 100004, 0, '2016-01-13 16:18:41', '2016-01-13 16:18:41'),
(100160, 100004, 100003, '2016-01-13 16:19:00', '2016-01-13 16:19:00'),
(100161, 100003, 100003, '2016-01-13 18:42:06', '2016-01-13 18:42:06'),
(100162, 100003, 100003, '2016-01-13 18:42:13', '2016-01-13 18:42:13'),
(100163, 100003, 100003, '2016-01-13 19:32:46', '2016-01-13 19:32:46'),
(100164, 100003, 100006, '2016-01-13 19:32:56', '2016-01-13 19:32:56'),
(100165, 100003, 100006, '2016-01-13 19:38:52', '2016-01-13 19:38:52'),
(100166, 100003, 100006, '2016-01-13 19:39:06', '2016-01-13 19:39:06'),
(100167, 100003, 100006, '2016-01-13 19:42:28', '2016-01-13 19:42:28'),
(100168, 100003, 100006, '2016-01-13 19:42:36', '2016-01-13 19:42:36'),
(100169, 100003, 100006, '2016-01-13 19:44:18', '2016-01-13 19:44:18'),
(100170, 100003, 0, '2016-01-13 19:44:26', '2016-01-13 19:44:26'),
(100171, 100003, 100003, '2016-01-13 19:44:36', '2016-01-13 19:44:36'),
(100172, 100003, 100003, '2016-01-13 19:46:25', '2016-01-13 19:46:25'),
(100173, 100003, 100006, '2016-01-13 19:46:31', '2016-01-13 19:46:31'),
(100174, 100003, 100006, '2016-01-13 19:47:46', '2016-01-13 19:47:46'),
(100175, 100003, 100006, '2016-01-13 19:47:54', '2016-01-13 19:47:54'),
(100176, 100003, 100006, '2016-01-13 19:53:34', '2016-01-13 19:53:34'),
(100177, 100003, 100003, '2016-01-13 19:53:42', '2016-01-13 19:53:42'),
(100178, 100003, 100003, '2016-01-13 19:57:52', '2016-01-13 19:57:52'),
(100179, 100003, 100006, '2016-01-13 19:57:57', '2016-01-13 19:57:57'),
(100180, 100003, 100006, '2016-01-13 20:01:14', '2016-01-13 20:01:14'),
(100181, 100003, 100003, '2016-01-13 20:01:22', '2016-01-13 20:01:22'),
(100182, 100003, 100003, '2016-01-13 20:24:31', '2016-01-13 20:24:31'),
(100183, 100003, 100003, '2016-01-13 20:24:45', '2016-01-13 20:24:45'),
(100184, 100003, 100003, '2016-01-13 20:34:19', '2016-01-13 20:34:19'),
(100185, 100003, 100003, '2016-01-13 20:35:44', '2016-01-13 20:35:44'),
(100186, 100003, 100003, '2016-01-13 20:50:32', '2016-01-13 20:50:32'),
(100187, 100003, 100003, '2016-01-13 21:26:29', '2016-01-13 21:26:29'),
(100188, 100003, 100003, '2016-01-13 21:27:38', '2016-01-13 21:27:38'),
(100189, 100003, 100003, '2016-01-13 21:30:51', '2016-01-13 21:30:51'),
(100190, 100003, 100003, '2016-01-13 21:51:52', '2016-01-13 21:51:52'),
(100191, 100003, 100006, '2016-01-13 21:52:52', '2016-01-13 21:52:52'),
(100192, 100003, 100006, '2016-01-13 21:59:32', '2016-01-13 21:59:32'),
(100193, 100003, 100006, '2016-01-13 22:03:46', '2016-01-13 22:03:46'),
(100194, 100003, 100003, '2016-01-13 22:03:56', '2016-01-13 22:03:56'),
(100195, 100003, 100003, '2016-01-13 22:04:23', '2016-01-13 22:04:23'),
(100196, 100003, 100003, '2016-01-13 22:08:35', '2016-01-13 22:08:35'),
(100197, 100003, 100003, '2016-01-13 22:10:43', '2016-01-13 22:10:43'),
(100198, 100003, 100003, '2016-01-13 22:30:51', '2016-01-13 22:30:51'),
(100199, 100003, 100003, '2016-01-13 22:57:50', '2016-01-13 22:57:50'),
(100200, 100003, 100003, '2016-01-13 23:06:43', '2016-01-13 23:06:43'),
(100201, 100003, 100003, '2016-01-13 23:16:14', '2016-01-13 23:16:14'),
(100202, 100003, 100006, '2016-01-13 23:16:21', '2016-01-13 23:16:21'),
(100203, 100004, 100003, '2016-01-15 14:15:18', '2016-01-15 14:15:18'),
(100204, 100004, 100003, '2016-01-15 14:42:29', '2016-01-15 14:42:29'),
(100205, 100004, 0, '2016-01-15 14:42:41', '2016-01-15 14:42:41'),
(100206, 100004, 100003, '2016-01-15 14:47:16', '2016-01-15 14:47:16'),
(100207, 0, 100001, '2016-01-15 14:53:01', '2016-01-15 14:53:01'),
(100208, 0, 0, '2016-01-15 14:53:21', '2016-01-15 14:53:21'),
(100209, 0, 100001, '2016-01-15 14:54:58', '2016-01-15 14:54:58'),
(100210, 100004, 100003, '2016-01-15 16:07:36', '2016-01-15 16:07:36'),
(100211, 100004, 100006, '2016-01-15 16:08:09', '2016-01-15 16:08:09'),
(100212, 100004, 100006, '2016-01-15 16:08:50', '2016-01-15 16:08:50'),
(100213, 100004, 100003, '2016-01-15 16:09:02', '2016-01-15 16:09:02'),
(100214, 100004, 100001, '2016-01-15 16:09:10', '2016-01-15 16:09:10'),
(100215, 100004, 100006, '2016-01-15 16:43:51', '2016-01-15 16:43:51'),
(100216, 100004, 100003, '2016-01-15 16:47:41', '2016-01-15 16:47:41'),
(100217, 100004, 100003, '2016-01-15 16:51:36', '2016-01-15 16:51:36'),
(100218, 100004, 100003, '2016-01-15 16:51:44', '2016-01-15 16:51:44'),
(100219, 100004, 100003, '2016-01-15 16:52:31', '2016-01-15 16:52:31'),
(100220, 100004, 100003, '2016-01-15 16:52:33', '2016-01-15 16:52:33'),
(100221, 100004, 100003, '2016-01-15 16:52:37', '2016-01-15 16:52:37'),
(100222, 100004, 100003, '2016-01-15 16:52:43', '2016-01-15 16:52:43'),
(100223, 100004, 100003, '2016-01-15 16:55:15', '2016-01-15 16:55:15'),
(100224, 100004, 100003, '2016-01-15 16:55:27', '2016-01-15 16:55:27'),
(100225, 100004, 100003, '2016-01-15 16:58:00', '2016-01-15 16:58:00'),
(100226, 100004, 100003, '2016-01-15 16:58:07', '2016-01-15 16:58:07'),
(100227, 100004, 100003, '2016-01-15 16:58:14', '2016-01-15 16:58:14'),
(100228, 100004, 100003, '2016-01-15 16:58:35', '2016-01-15 16:58:35'),
(100229, 100004, 100003, '2016-01-15 16:59:25', '2016-01-15 16:59:25'),
(100230, 100004, 100003, '2016-01-15 17:04:43', '2016-01-15 17:04:43'),
(100231, 100004, 100003, '2016-01-15 17:09:06', '2016-01-15 17:09:06'),
(100232, 100004, 100003, '2016-01-15 17:09:17', '2016-01-15 17:09:17'),
(100233, 100004, 100003, '2016-01-15 17:09:23', '2016-01-15 17:09:23'),
(100234, 100004, 100003, '2016-01-15 17:09:26', '2016-01-15 17:09:26'),
(100235, 100004, 100003, '2016-01-15 17:09:30', '2016-01-15 17:09:30'),
(100236, 100004, 100003, '2016-01-15 17:09:34', '2016-01-15 17:09:34'),
(100237, 100004, 100003, '2016-01-15 17:10:29', '2016-01-15 17:10:29'),
(100238, 100004, 100003, '2016-01-15 17:10:31', '2016-01-15 17:10:31'),
(100239, 100004, 100003, '2016-01-15 17:10:33', '2016-01-15 17:10:33'),
(100240, 100004, 100003, '2016-01-15 17:10:40', '2016-01-15 17:10:40'),
(100241, 100004, 100003, '2016-01-15 17:11:02', '2016-01-15 17:11:02'),
(100242, 100004, 100003, '2016-01-15 17:11:11', '2016-01-15 17:11:11'),
(100243, 100004, 100003, '2016-01-15 17:14:20', '2016-01-15 17:14:20'),
(100244, 100004, 100003, '2016-01-15 17:14:24', '2016-01-15 17:14:24'),
(100245, 100004, 100003, '2016-01-15 17:14:27', '2016-01-15 17:14:27'),
(100246, 100004, 100003, '2016-01-15 17:14:57', '2016-01-15 17:14:57'),
(100247, 100004, 100003, '2016-01-15 17:15:18', '2016-01-15 17:15:18'),
(100248, 100004, 100003, '2016-01-15 17:15:23', '2016-01-15 17:15:23'),
(100249, 100004, 100003, '2016-01-15 17:15:27', '2016-01-15 17:15:27'),
(100250, 100004, 100003, '2016-01-15 17:15:40', '2016-01-15 17:15:40'),
(100251, 100004, 100003, '2016-01-15 17:16:42', '2016-01-15 17:16:42'),
(100252, 100004, 100003, '2016-01-15 17:39:12', '2016-01-15 17:39:12'),
(100253, 100004, 100003, '2016-01-15 17:39:15', '2016-01-15 17:39:15'),
(100254, 100004, 100003, '2016-01-15 17:44:17', '2016-01-15 17:44:17'),
(100255, 100004, 100003, '2016-01-15 17:53:47', '2016-01-15 17:53:47'),
(100256, 100004, 100003, '2016-01-15 17:53:50', '2016-01-15 17:53:50'),
(100257, 100004, 100003, '2016-01-15 17:55:10', '2016-01-15 17:55:10'),
(100258, 100004, 100003, '2016-01-15 17:59:13', '2016-01-15 17:59:13'),
(100259, 100004, 100003, '2016-01-15 17:59:17', '2016-01-15 17:59:17'),
(100260, 100004, 100003, '2016-01-15 18:01:17', '2016-01-15 18:01:17'),
(100261, 100004, 100003, '2016-01-15 18:01:19', '2016-01-15 18:01:19'),
(100262, 100004, 100003, '2016-01-15 18:02:52', '2016-01-15 18:02:52'),
(100263, 100004, 100003, '2016-01-15 18:03:04', '2016-01-15 18:03:04'),
(100264, 100004, 100003, '2016-01-15 18:03:17', '2016-01-15 18:03:17'),
(100265, 100004, 100003, '2016-01-15 18:03:20', '2016-01-15 18:03:20'),
(100266, 100004, 100003, '2016-01-15 18:04:47', '2016-01-15 18:04:47'),
(100267, 100004, 100003, '2016-01-15 18:04:50', '2016-01-15 18:04:50'),
(100268, 100004, 100003, '2016-01-15 18:06:15', '2016-01-15 18:06:15'),
(100269, 100004, 100003, '2016-01-15 18:06:17', '2016-01-15 18:06:17'),
(100270, 100004, 100003, '2016-01-15 18:06:19', '2016-01-15 18:06:19'),
(100271, 100004, 100003, '2016-01-15 18:06:22', '2016-01-15 18:06:22'),
(100272, 100004, 100003, '2016-01-15 18:11:31', '2016-01-15 18:11:31'),
(100273, 100004, 100003, '2016-01-15 18:11:48', '2016-01-15 18:11:48'),
(100274, 100004, 100003, '2016-01-15 18:11:50', '2016-01-15 18:11:50'),
(100275, 100004, 100003, '2016-01-15 18:13:42', '2016-01-15 18:13:42'),
(100276, 100004, 100003, '2016-01-15 18:13:46', '2016-01-15 18:13:46'),
(100277, 100004, 100003, '2016-01-15 18:13:54', '2016-01-15 18:13:54'),
(100278, 100004, 100003, '2016-01-15 18:13:56', '2016-01-15 18:13:56'),
(100279, 100004, 100003, '2016-01-15 18:15:42', '2016-01-15 18:15:42'),
(100280, 100004, 100003, '2016-01-15 18:15:45', '2016-01-15 18:15:45'),
(100281, 100004, 100003, '2016-01-15 18:16:35', '2016-01-15 18:16:35'),
(100282, 100004, 100003, '2016-01-15 18:16:37', '2016-01-15 18:16:37'),
(100283, 100004, 100003, '2016-01-15 18:16:48', '2016-01-15 18:16:48'),
(100284, 100004, 100003, '2016-01-15 18:16:50', '2016-01-15 18:16:50'),
(100285, 100004, 100003, '2016-01-15 18:16:52', '2016-01-15 18:16:52'),
(100286, 100004, 100003, '2016-01-15 18:16:57', '2016-01-15 18:16:57'),
(100287, 100004, 100003, '2016-01-15 18:17:05', '2016-01-15 18:17:05'),
(100288, 100004, 100003, '2016-01-15 18:17:07', '2016-01-15 18:17:07'),
(100289, 100004, 100003, '2016-01-15 18:17:29', '2016-01-15 18:17:29'),
(100290, 100004, 100003, '2016-01-15 18:17:34', '2016-01-15 18:17:34'),
(100291, 100004, 100003, '2016-01-15 20:02:53', '2016-01-15 20:02:53'),
(100292, 100004, 100003, '2016-01-15 20:02:58', '2016-01-15 20:02:58'),
(100293, 100004, 100003, '2016-01-15 20:03:06', '2016-01-15 20:03:06'),
(100294, 100004, 100003, '2016-01-15 20:03:16', '2016-01-15 20:03:16'),
(100295, 100004, 100003, '2016-01-15 20:03:24', '2016-01-15 20:03:24'),
(100296, 100004, 100003, '2016-01-15 20:03:33', '2016-01-15 20:03:33'),
(100297, 100004, 100003, '2016-01-15 20:05:04', '2016-01-15 20:05:04'),
(100298, 100004, 100003, '2016-01-15 20:05:12', '2016-01-15 20:05:12'),
(100299, 100004, 100003, '2016-01-15 20:05:40', '2016-01-15 20:05:40'),
(100300, 100004, 100006, '2016-01-15 20:09:31', '2016-01-15 20:09:31'),
(100301, 100004, 100003, '2016-01-15 20:10:48', '2016-01-15 20:10:48'),
(100302, 100004, 100006, '2016-01-15 20:10:48', '2016-01-15 20:10:48'),
(100303, 100004, 100006, '2016-01-15 20:11:00', '2016-01-15 20:11:00'),
(100304, 100004, 100003, '2016-01-15 20:11:00', '2016-01-15 20:11:00'),
(100305, 100004, 100006, '2016-01-15 20:11:04', '2016-01-15 20:11:04'),
(100306, 100004, 100006, '2016-01-15 20:11:17', '2016-01-15 20:11:17'),
(100307, 100004, 100006, '2016-01-15 20:11:44', '2016-01-15 20:11:44'),
(100308, 100004, 100003, '2016-01-15 20:11:52', '2016-01-15 20:11:52'),
(100309, 100004, 100006, '2016-01-15 20:12:00', '2016-01-15 20:12:00'),
(100310, 100004, 100006, '2016-01-15 20:12:37', '2016-01-15 20:12:37'),
(100311, 100004, 100003, '2016-01-15 20:12:37', '2016-01-15 20:12:37'),
(100312, 100004, 100006, '2016-01-15 20:13:19', '2016-01-15 20:13:19'),
(100313, 100004, 100003, '2016-01-15 20:13:33', '2016-01-15 20:13:33'),
(100314, 100004, 100006, '2016-01-15 20:14:46', '2016-01-15 20:14:46'),
(100315, 100004, 100006, '2016-01-15 20:14:46', '2016-01-15 20:14:46'),
(100316, 100004, 100006, '2016-01-15 20:14:52', '2016-01-15 20:14:52'),
(100317, 100004, 100006, '2016-01-15 20:14:52', '2016-01-15 20:14:52'),
(100318, 100004, 100003, '2016-01-15 20:14:52', '2016-01-15 20:14:52'),
(100319, 100004, 100004, '2016-01-15 20:15:00', '2016-01-15 20:15:00'),
(100320, 100004, 100003, '2016-01-15 20:15:02', '2016-01-15 20:15:02'),
(100321, 100004, 100004, '2016-01-15 20:15:02', '2016-01-15 20:15:02'),
(100322, 100004, 100004, '2016-01-15 20:15:02', '2016-01-15 20:15:02'),
(100323, 100004, 100003, '2016-01-15 20:15:05', '2016-01-15 20:15:05'),
(100324, 100004, 100004, '2016-01-15 20:15:05', '2016-01-15 20:15:05'),
(100325, 100004, 100004, '2016-01-15 20:15:18', '2016-01-15 20:15:18'),
(100326, 100004, 100004, '2016-01-15 20:15:29', '2016-01-15 20:15:29'),
(100327, 100004, 100003, '2016-01-15 20:15:29', '2016-01-15 20:15:29'),
(100328, 100004, 100004, '2016-01-15 20:15:32', '2016-01-15 20:15:32'),
(100329, 100004, 100004, '2016-01-15 20:15:35', '2016-01-15 20:15:35'),
(100330, 100004, 100003, '2016-01-15 20:15:35', '2016-01-15 20:15:35'),
(100331, 100004, 100003, '2016-01-15 20:15:59', '2016-01-15 20:15:59'),
(100332, 100004, 100003, '2016-01-15 20:20:56', '2016-01-15 20:20:56'),
(100333, 100004, 100004, '2016-01-15 20:21:08', '2016-01-15 20:21:08'),
(100334, 100004, 100004, '2016-01-15 20:26:09', '2016-01-15 20:26:09'),
(100335, 100004, 100004, '2016-01-15 20:29:39', '2016-01-15 20:29:39'),
(100336, 100004, 100004, '2016-01-15 20:38:42', '2016-01-15 20:38:42'),
(100337, 100004, 100003, '2016-01-15 20:39:13', '2016-01-15 20:39:13'),
(100338, 100004, 100015, '2016-01-15 20:40:12', '2016-01-15 20:40:12'),
(100339, 100004, 100004, '2016-01-15 20:40:52', '2016-01-15 20:40:52'),
(100340, 100004, 100003, '2016-01-15 20:40:58', '2016-01-15 20:40:58'),
(100341, 100004, 100004, '2016-01-15 20:42:19', '2016-01-15 20:42:19'),
(100342, 100004, 100003, '2016-01-15 20:42:52', '2016-01-15 20:42:52'),
(100343, 100004, 100003, '2016-01-15 20:44:10', '2016-01-15 20:44:10'),
(100344, 100004, 100004, '2016-01-15 20:44:27', '2016-01-15 20:44:27'),
(100345, 100004, 100004, '2016-01-15 20:52:27', '2016-01-15 20:52:27'),
(100346, 100004, 100003, '2016-01-15 20:52:32', '2016-01-15 20:52:32'),
(100347, 100004, 100015, '2016-01-15 20:53:44', '2016-01-15 20:53:44'),
(100348, 100004, 100004, '2016-01-15 20:54:30', '2016-01-15 20:54:30'),
(100349, 100004, 100003, '2016-01-15 20:54:41', '2016-01-15 20:54:41'),
(100350, 100004, 100003, '2016-01-15 20:59:02', '2016-01-15 20:59:02'),
(100351, 100004, 100004, '2016-01-15 20:59:13', '2016-01-15 20:59:13'),
(100352, 100004, 0, '2016-01-15 21:02:00', '2016-01-15 21:02:00'),
(100353, 100004, 0, '2016-01-15 21:02:13', '2016-01-15 21:02:13'),
(100354, 100004, 100004, '2016-01-15 21:02:22', '2016-01-15 21:02:22'),
(100355, 100004, 100001, '2016-01-15 21:06:41', '2016-01-15 21:06:41'),
(100356, 100004, 0, '2016-01-15 21:07:33', '2016-01-15 21:07:33'),
(100357, 100004, 100004, '2016-01-15 21:12:50', '2016-01-15 21:12:50'),
(100358, 100004, 100003, '2016-01-15 21:13:12', '2016-01-15 21:13:12'),
(100359, 100004, 100004, '2016-01-15 21:19:37', '2016-01-15 21:19:37'),
(100360, 100004, 100003, '2016-01-15 21:19:52', '2016-01-15 21:19:52'),
(100361, 100004, 100004, '2016-01-15 21:21:56', '2016-01-15 21:21:56'),
(100362, 100004, 100003, '2016-01-15 21:22:05', '2016-01-15 21:22:05'),
(100363, 100004, 100004, '2016-01-15 21:23:57', '2016-01-15 21:23:57'),
(100364, 100004, 100003, '2016-01-15 21:24:04', '2016-01-15 21:24:04'),
(100365, 100004, 100004, '2016-01-15 21:25:52', '2016-01-15 21:25:52'),
(100366, 100004, 100003, '2016-01-15 21:25:58', '2016-01-15 21:25:58'),
(100367, 100004, 100001, '2016-01-15 21:31:23', '2016-01-15 21:31:23'),
(100368, 100004, 100001, '2016-01-15 21:31:31', '2016-01-15 21:31:31'),
(100369, 100004, 100004, '2016-01-15 21:31:36', '2016-01-15 21:31:36'),
(100370, 100004, 100004, '2016-01-15 21:31:48', '2016-01-15 21:31:48'),
(100371, 100004, 0, '2016-01-15 21:32:00', '2016-01-15 21:32:00'),
(100372, 100004, 100004, '2016-01-15 21:46:55', '2016-01-15 21:46:55'),
(100373, 100004, 100003, '2016-01-15 21:47:16', '2016-01-15 21:47:16'),
(100374, 100004, 100003, '2016-01-15 21:51:11', '2016-01-15 21:51:11'),
(100375, 100004, 100004, '2016-01-15 21:51:43', '2016-01-15 21:51:43'),
(100376, 100004, 100004, '2016-01-15 22:51:07', '2016-01-15 22:51:07'),
(100377, 100004, 100003, '2016-01-15 22:51:11', '2016-01-15 22:51:11'),
(100378, 100004, 100004, '2016-01-15 22:51:58', '2016-01-15 22:51:58'),
(100379, 100004, 100003, '2016-01-15 22:52:07', '2016-01-15 22:52:07'),
(100380, 100004, 100003, '2016-01-15 22:52:36', '2016-01-15 22:52:36'),
(100381, 100004, 100004, '2016-01-15 22:52:44', '2016-01-15 22:52:44'),
(100382, 100004, 100003, '2016-01-15 22:52:44', '2016-01-15 22:52:44'),
(100383, 100004, 100003, '2016-01-15 22:52:50', '2016-01-15 22:52:50'),
(100384, 100004, 100003, '2016-01-15 22:52:50', '2016-01-15 22:52:50'),
(100385, 100004, 100003, '2016-01-15 22:52:52', '2016-01-15 22:52:52'),
(100386, 100004, 100004, '2016-01-15 22:52:52', '2016-01-15 22:52:52'),
(100387, 100004, 100003, '2016-01-15 22:53:06', '2016-01-15 22:53:06'),
(100388, 100004, 100003, '2016-01-15 22:53:06', '2016-01-15 22:53:06'),
(100389, 100004, 100003, '2016-01-15 22:53:14', '2016-01-15 22:53:14'),
(100390, 100004, 100004, '2016-01-15 22:53:14', '2016-01-15 22:53:14'),
(100391, 100004, 100003, '2016-01-15 22:53:17', '2016-01-15 22:53:17'),
(100392, 100004, 100003, '2016-01-15 22:53:23', '2016-01-15 22:53:23'),
(100393, 100004, 100003, '2016-01-15 22:53:23', '2016-01-15 22:53:23'),
(100394, 100004, 100003, '2016-01-15 22:53:26', '2016-01-15 22:53:26'),
(100395, 100004, 100004, '2016-01-15 22:53:26', '2016-01-15 22:53:26'),
(100396, 100004, 100003, '2016-01-15 22:53:27', '2016-01-15 22:53:27'),
(100397, 100004, 100003, '2016-01-15 22:53:27', '2016-01-15 22:53:27'),
(100398, 100004, 100003, '2016-01-15 22:53:30', '2016-01-15 22:53:30'),
(100399, 100004, 100003, '2016-01-15 22:54:07', '2016-01-15 22:54:07'),
(100400, 100004, 100004, '2016-01-15 22:54:34', '2016-01-15 22:54:34'),
(100401, 100004, 100004, '2016-01-15 22:56:13', '2016-01-15 22:56:13'),
(100402, 100004, 100003, '2016-01-15 22:56:20', '2016-01-15 22:56:20'),
(100403, 100004, 100003, '2016-01-15 22:57:50', '2016-01-15 22:57:50'),
(100404, 100004, 100003, '2016-01-15 22:57:54', '2016-01-15 22:57:54'),
(100405, 100004, 100003, '2016-01-15 22:57:57', '2016-01-15 22:57:57'),
(100406, 100004, 100003, '2016-01-15 22:57:59', '2016-01-15 22:57:59'),
(100407, 100004, 100004, '2016-01-15 22:57:59', '2016-01-15 22:57:59'),
(100408, 100004, 100003, '2016-01-15 22:58:13', '2016-01-15 22:58:13'),
(100409, 100004, 100003, '2016-01-15 22:58:36', '2016-01-15 22:58:36'),
(100410, 100004, 100003, '2016-01-15 22:58:41', '2016-01-15 22:58:41'),
(100411, 100004, 100003, '2016-01-15 22:58:41', '2016-01-15 22:58:41'),
(100412, 100004, 100003, '2016-01-15 22:58:45', '2016-01-15 22:58:45'),
(100413, 100004, 100003, '2016-01-15 22:58:50', '2016-01-15 22:58:50'),
(100414, 100004, 100001, '2016-01-15 22:59:19', '2016-01-15 22:59:19'),
(100415, 100004, 100003, '2016-01-15 22:59:34', '2016-01-15 22:59:34'),
(100416, 100004, 100004, '2016-01-15 22:59:53', '2016-01-15 22:59:53'),
(100417, 100004, 100003, '2016-01-15 23:00:03', '2016-01-15 23:00:03'),
(100418, 100004, 100015, '2016-01-15 23:00:03', '2016-01-15 23:00:03'),
(100419, 100004, 100003, '2016-01-15 23:00:16', '2016-01-15 23:00:16'),
(100420, 100004, 100003, '2016-01-15 23:00:16', '2016-01-15 23:00:16'),
(100421, 100004, 100015, '2016-01-15 23:00:16', '2016-01-15 23:00:16'),
(100422, 100004, 100003, '2016-01-15 23:00:20', '2016-01-15 23:00:20'),
(100423, 100004, 100015, '2016-01-15 23:00:20', '2016-01-15 23:00:20'),
(100424, 100004, 100003, '2016-01-15 23:00:26', '2016-01-15 23:00:26'),
(100425, 100004, 100003, '2016-01-15 23:00:26', '2016-01-15 23:00:26'),
(100426, 100004, 100003, '2016-01-15 23:02:08', '2016-01-15 23:02:08'),
(100427, 100004, 100015, '2016-01-15 23:02:08', '2016-01-15 23:02:08'),
(100428, 100004, 100004, '2016-01-15 23:02:14', '2016-01-15 23:02:14'),
(100429, 100004, 100003, '2016-01-15 23:02:14', '2016-01-15 23:02:14'),
(100430, 100004, 100003, '2016-01-15 23:06:58', '2016-01-15 23:06:58'),
(100431, 100004, 100003, '2016-01-15 23:06:58', '2016-01-15 23:06:58'),
(100432, 100004, 100015, '2016-01-15 23:06:58', '2016-01-15 23:06:58'),
(100433, 100004, 100003, '2016-01-15 23:07:12', '2016-01-15 23:07:12'),
(100434, 100004, 100015, '2016-01-15 23:07:12', '2016-01-15 23:07:12'),
(100435, 100004, 100003, '2016-01-15 23:07:19', '2016-01-15 23:07:19'),
(100436, 100004, 100015, '2016-01-15 23:07:19', '2016-01-15 23:07:19'),
(100437, 100004, 100003, '2016-01-15 23:07:22', '2016-01-15 23:07:22'),
(100438, 100004, 100004, '2016-01-15 23:07:22', '2016-01-15 23:07:22'),
(100439, 100004, 100003, '2016-01-15 23:08:51', '2016-01-15 23:08:51'),
(100440, 100004, 100015, '2016-01-15 23:08:51', '2016-01-15 23:08:51'),
(100441, 100004, 100003, '2016-01-15 23:08:56', '2016-01-15 23:08:56'),
(100442, 100004, 100003, '2016-01-15 23:08:56', '2016-01-15 23:08:56'),
(100443, 100004, 100015, '2016-01-15 23:08:56', '2016-01-15 23:08:56'),
(100444, 100004, 100003, '2016-01-15 23:08:59', '2016-01-15 23:08:59'),
(100445, 100004, 100003, '2016-01-15 23:09:06', '2016-01-15 23:09:06'),
(100446, 100004, 100015, '2016-01-15 23:09:06', '2016-01-15 23:09:06'),
(100447, 100004, 100003, '2016-01-15 23:09:06', '2016-01-15 23:09:06'),
(100448, 100004, 100015, '2016-01-15 23:09:08', '2016-01-15 23:09:08'),
(100449, 100004, 100003, '2016-01-15 23:09:08', '2016-01-15 23:09:08'),
(100450, 100004, 100003, '2016-01-15 23:09:08', '2016-01-15 23:09:08'),
(100451, 100004, 100003, '2016-01-15 23:09:11', '2016-01-15 23:09:11'),
(100452, 100004, 100015, '2016-01-15 23:09:18', '2016-01-15 23:09:18'),
(100453, 100004, 100004, '2016-01-15 23:09:38', '2016-01-15 23:09:38'),
(100454, 100004, 100003, '2016-01-15 23:09:44', '2016-01-15 23:09:44'),
(100455, 100004, 100003, '2016-01-15 23:09:48', '2016-01-15 23:09:48'),
(100456, 100004, 100003, '2016-01-15 23:09:48', '2016-01-15 23:09:48'),
(100457, 100004, 100003, '2016-01-15 23:09:48', '2016-01-15 23:09:48'),
(100458, 100004, 100015, '2016-01-15 23:09:48', '2016-01-15 23:09:48'),
(100459, 100004, 100003, '2016-01-15 23:09:52', '2016-01-15 23:09:52'),
(100460, 100004, 100003, '2016-01-15 23:14:17', '2016-01-15 23:14:17'),
(100461, 100004, 100015, '2016-01-15 23:14:17', '2016-01-15 23:14:17'),
(100462, 100004, 100003, '2016-01-15 23:14:19', '2016-01-15 23:14:19'),
(100463, 100004, 100004, '2016-01-15 23:14:19', '2016-01-15 23:14:19'),
(100464, 100004, 100003, '2016-01-15 23:16:07', '2016-01-15 23:16:07'),
(100465, 100004, 100003, '2016-01-15 23:16:07', '2016-01-15 23:16:07'),
(100466, 100004, 100003, '2016-01-15 23:16:07', '2016-01-15 23:16:07'),
(100467, 100004, 100015, '2016-01-15 23:16:07', '2016-01-15 23:16:07'),
(100468, 100004, 100004, '2016-01-15 23:16:10', '2016-01-15 23:16:10'),
(100469, 100003, 100003, '2016-01-15 23:20:44', '2016-01-15 23:20:44'),
(100470, 100003, 100001, '2016-01-15 23:20:54', '2016-01-15 23:20:54'),
(100471, 100004, 100015, '2016-01-15 23:21:12', '2016-01-15 23:21:12'),
(100472, 100004, 100003, '2016-01-15 23:21:12', '2016-01-15 23:21:12'),
(100473, 100004, 100003, '2016-01-15 23:21:12', '2016-01-15 23:21:12'),
(100474, 100004, 100003, '2016-01-15 23:21:12', '2016-01-15 23:21:12'),
(100475, 100004, 100003, '2016-01-15 23:23:09', '2016-01-15 23:23:09'),
(100476, 100004, 100003, '2016-01-15 23:23:09', '2016-01-15 23:23:09'),
(100477, 100004, 100015, '2016-01-15 23:23:09', '2016-01-15 23:23:09'),
(100478, 100004, 100003, '2016-01-15 23:23:12', '2016-01-15 23:23:12'),
(100479, 100003, 100004, '2016-01-15 23:24:44', '2016-01-15 23:24:44'),
(100480, 100003, 100003, '2016-01-15 23:25:13', '2016-01-15 23:25:13'),
(100481, 100004, 100003, '2016-01-15 23:25:13', '2016-01-15 23:25:13'),
(100482, 100004, 100003, '2016-01-15 23:25:13', '2016-01-15 23:25:13'),
(100483, 100004, 100015, '2016-01-15 23:25:13', '2016-01-15 23:25:13'),
(100484, 100004, 100004, '2016-01-15 23:25:18', '2016-01-15 23:25:18'),
(100485, 100004, 100003, '2016-01-15 23:25:18', '2016-01-15 23:25:18'),
(100486, 100003, 100003, '2016-01-15 23:26:27', '2016-01-15 23:26:27'),
(100487, 100004, 100003, '2016-01-15 23:28:05', '2016-01-15 23:28:05'),
(100488, 100004, 100015, '2016-01-15 23:28:05', '2016-01-15 23:28:05'),
(100489, 100004, 100003, '2016-01-15 23:28:05', '2016-01-15 23:28:05'),
(100490, 100004, 100003, '2016-01-15 23:28:08', '2016-01-15 23:28:08'),
(100491, 100004, 100003, '2016-01-15 23:28:28', '2016-01-15 23:28:28'),
(100492, 100004, 100003, '2016-01-15 23:28:28', '2016-01-15 23:28:28'),
(100493, 100004, 100003, '2016-01-15 23:28:28', '2016-01-15 23:28:28'),
(100494, 100004, 100015, '2016-01-15 23:28:28', '2016-01-15 23:28:28'),
(100495, 100004, 100003, '2016-01-15 23:28:32', '2016-01-15 23:28:32'),
(100496, 100004, 100003, '2016-01-15 23:28:32', '2016-01-15 23:28:32'),
(100497, 100004, 100015, '2016-01-15 23:28:32', '2016-01-15 23:28:32'),
(100498, 100003, 100001, '2016-01-15 23:30:00', '2016-01-15 23:30:00'),
(100499, 100004, 100003, '2016-01-15 23:30:01', '2016-01-15 23:30:01'),
(100500, 100004, 100003, '2016-01-15 23:30:01', '2016-01-15 23:30:01'),
(100501, 100004, 100015, '2016-01-15 23:30:01', '2016-01-15 23:30:01'),
(100502, 100004, 100004, '2016-01-15 23:30:06', '2016-01-15 23:30:06'),
(100503, 100004, 100003, '2016-01-15 23:30:06', '2016-01-15 23:30:06'),
(100504, 100003, 100003, '2016-01-15 23:30:07', '2016-01-15 23:30:07'),
(100505, 100004, 100015, '2016-01-15 23:30:13', '2016-01-15 23:30:13'),
(100506, 100004, 100003, '2016-01-15 23:30:13', '2016-01-15 23:30:13'),
(100507, 100004, 100003, '2016-01-15 23:30:16', '2016-01-15 23:30:16'),
(100508, 100003, 100003, '2016-01-15 23:33:03', '2016-01-15 23:33:03'),
(100509, 100003, 100001, '2016-01-15 23:43:48', '2016-01-15 23:43:48'),
(100510, 100003, 100004, '2016-01-15 23:43:56', '2016-01-15 23:43:56'),
(100511, 100004, 100003, '2016-01-15 23:48:31', '2016-01-15 23:48:31'),
(100512, 100004, 100003, '2016-01-15 23:48:31', '2016-01-15 23:48:31'),
(100513, 100004, 100015, '2016-01-15 23:48:31', '2016-01-15 23:48:31'),
(100514, 100004, 100003, '2016-01-15 23:49:20', '2016-01-15 23:49:20'),
(100515, 100004, 100003, '2016-01-15 23:49:20', '2016-01-15 23:49:20'),
(100516, 100004, 100015, '2016-01-15 23:49:20', '2016-01-15 23:49:20'),
(100517, 100004, 100003, '2016-01-15 23:49:45', '2016-01-15 23:49:45'),
(100518, 100004, 100015, '2016-01-15 23:49:45', '2016-01-15 23:49:45'),
(100519, 100004, 100003, '2016-01-15 23:50:27', '2016-01-15 23:50:27'),
(100520, 100004, 100003, '2016-01-15 23:50:27', '2016-01-15 23:50:27'),
(100521, 100004, 100015, '2016-01-15 23:50:27', '2016-01-15 23:50:27'),
(100522, 100004, 0, '2016-01-15 23:52:42', '2016-01-15 23:52:42'),
(100523, 100004, 0, '2016-01-15 23:55:15', '2016-01-15 23:55:15'),
(100524, 100004, 100001, '2016-01-15 23:55:37', '2016-01-15 23:55:37'),
(100525, 100004, 100001, '2016-01-15 23:55:56', '2016-01-15 23:55:56'),
(100526, 100004, 100001, '2016-01-15 23:56:23', '2016-01-15 23:56:23'),
(100527, 100004, 100001, '2016-01-15 23:56:47', '2016-01-15 23:56:47'),
(100528, 100004, 100001, '2016-01-15 23:56:55', '2016-01-15 23:56:55'),
(100529, 100004, 100001, '2016-01-15 23:56:56', '2016-01-15 23:56:56'),
(100530, 100004, 100001, '2016-01-15 23:57:06', '2016-01-15 23:57:06'),
(100531, 100003, 0, '2016-01-16 00:00:01', '2016-01-16 00:00:01'),
(100532, 100003, 100003, '2016-01-16 00:00:23', '2016-01-16 00:00:23'),
(100533, 100003, 100003, '2016-01-16 00:06:36', '2016-01-16 00:06:36'),
(100534, 100003, 100003, '2016-01-16 00:25:26', '2016-01-16 00:25:26'),
(100535, 100004, 100001, '2016-01-16 00:42:13', '2016-01-16 00:42:13'),
(100536, 100004, 100001, '2016-01-16 00:44:30', '2016-01-16 00:44:30'),
(100537, 100004, 100001, '2016-01-16 00:45:20', '2016-01-16 00:45:20'),
(100538, 100004, 100001, '2016-01-16 00:45:44', '2016-01-16 00:45:44'),
(100539, 100004, 100001, '2016-01-16 00:45:46', '2016-01-16 00:45:46'),
(100540, 100004, 100001, '2016-01-16 00:47:42', '2016-01-16 00:47:42'),
(100541, 100004, 100001, '2016-01-16 00:51:13', '2016-01-16 00:51:13'),
(100542, 100004, 100001, '2016-01-16 00:51:14', '2016-01-16 00:51:14'),
(100543, 100004, 100001, '2016-01-16 00:56:17', '2016-01-16 00:56:17'),
(100544, 100004, 100001, '2016-01-16 00:56:25', '2016-01-16 00:56:25'),
(100545, 100004, 100001, '2016-01-16 00:56:28', '2016-01-16 00:56:28'),
(100546, 100004, 100001, '2016-01-16 00:58:37', '2016-01-16 00:58:37'),
(100547, 100004, 100001, '2016-01-16 00:58:59', '2016-01-16 00:58:59'),
(100548, 100004, 100001, '2016-01-16 00:59:03', '2016-01-16 00:59:03'),
(100549, 100004, 100001, '2016-01-16 01:01:33', '2016-01-16 01:01:33'),
(100550, 100004, 100001, '2016-01-16 01:01:34', '2016-01-16 01:01:34'),
(100551, 100004, 100001, '2016-01-16 01:01:35', '2016-01-16 01:01:35'),
(100552, 100004, 100001, '2016-01-16 01:06:40', '2016-01-16 01:06:40'),
(100553, 100004, 100001, '2016-01-16 01:07:54', '2016-01-16 01:07:54'),
(100554, 100003, 100004, '2016-01-16 01:08:58', '2016-01-16 01:08:58'),
(100555, 100004, 100001, '2016-01-16 01:11:05', '2016-01-16 01:11:05'),
(100556, 100003, 100004, '2016-01-16 01:11:19', '2016-01-16 01:11:19'),
(100557, 100004, 100001, '2016-01-16 01:11:22', '2016-01-16 01:11:22'),
(100558, 100004, 100001, '2016-01-16 01:12:45', '2016-01-16 01:12:45'),
(100559, 100004, 100001, '2016-01-16 01:13:00', '2016-01-16 01:13:00'),
(100560, 100004, 100001, '2016-01-16 01:15:42', '2016-01-16 01:15:42'),
(100561, 100004, 100001, '2016-01-16 01:16:56', '2016-01-16 01:16:56'),
(100562, 100004, 100001, '2016-01-16 01:17:22', '2016-01-16 01:17:22'),
(100563, 100004, 100001, '2016-01-16 01:17:45', '2016-01-16 01:17:45'),
(100564, 100004, 100001, '2016-01-16 01:18:11', '2016-01-16 01:18:11'),
(100565, 100004, 0, '2016-01-16 02:50:36', '2016-01-16 02:50:36'),
(100566, 100004, 0, '2016-01-16 02:51:00', '2016-01-16 02:51:00'),
(100567, 100004, 0, '2016-01-16 02:51:09', '2016-01-16 02:51:09'),
(100568, 100004, 0, '2016-01-16 02:51:36', '2016-01-16 02:51:36'),
(100569, 100004, 0, '2016-01-16 02:52:09', '2016-01-16 02:52:09'),
(100570, 100004, 0, '2016-01-16 02:52:32', '2016-01-16 02:52:32'),
(100571, 100004, 0, '2016-01-16 02:52:43', '2016-01-16 02:52:43'),
(100572, 100004, 0, '2016-01-16 02:52:59', '2016-01-16 02:52:59'),
(100573, 100004, 0, '2016-01-16 02:53:13', '2016-01-16 02:53:13'),
(100574, 100004, 0, '2016-01-16 02:53:20', '2016-01-16 02:53:20'),
(100575, 100003, 0, '2016-01-16 02:55:51', '2016-01-16 02:55:51'),
(100576, 100003, 0, '2016-01-16 02:55:57', '2016-01-16 02:55:57'),
(100577, 100003, 0, '2016-01-16 02:56:02', '2016-01-16 02:56:02'),
(100578, 100003, 0, '2016-01-16 02:56:06', '2016-01-16 02:56:06'),
(100579, 100003, 0, '2016-01-16 02:56:40', '2016-01-16 02:56:40'),
(100580, 100004, 100023, '2016-01-16 02:56:46', '2016-01-16 02:56:46'),
(100581, 100004, 100023, '2016-01-16 02:57:00', '2016-01-16 02:57:00'),
(100582, 100004, 100023, '2016-01-16 02:57:59', '2016-01-16 02:57:59'),
(100583, 0, 0, '2016-01-16 02:58:58', '2016-01-16 02:58:58'),
(100584, 100004, 100022, '2016-01-16 02:58:58', '2016-01-16 02:58:58'),
(100585, 100004, 100018, '2016-01-16 02:59:45', '2016-01-16 02:59:45'),
(100586, 100004, 100020, '2016-01-16 03:00:03', '2016-01-16 03:00:03'),
(100587, 100004, 100017, '2016-01-16 03:00:32', '2016-01-16 03:00:32'),
(100588, 100004, 100018, '2016-01-16 03:00:52', '2016-01-16 03:00:52'),
(100589, 100004, 100023, '2016-01-16 03:01:02', '2016-01-16 03:01:02'),
(100590, 100004, 100020, '2016-01-16 03:01:21', '2016-01-16 03:01:21'),
(100591, 100004, 100019, '2016-01-16 03:01:33', '2016-01-16 03:01:33'),
(100592, 100004, 100016, '2016-01-16 03:02:53', '2016-01-16 03:02:53'),
(100593, 100004, 100022, '2016-01-16 03:03:08', '2016-01-16 03:03:08'),
(100594, 100004, 100001, '2016-01-16 03:03:17', '2016-01-16 03:03:17'),
(100595, 100004, 100019, '2016-01-16 03:03:52', '2016-01-16 03:03:52'),
(100596, 100004, 100022, '2016-01-16 03:04:04', '2016-01-16 03:04:04'),
(100597, 100004, 100016, '2016-01-16 03:04:10', '2016-01-16 03:04:10'),
(100598, 100004, 100019, '2016-01-16 03:04:10', '2016-01-16 03:04:10'),
(100599, 100004, 100019, '2016-01-16 03:04:13', '2016-01-16 03:04:13'),
(100600, 100004, 100022, '2016-01-16 03:04:13', '2016-01-16 03:04:13'),
(100601, 100004, 100019, '2016-01-16 03:05:48', '2016-01-16 03:05:48'),
(100602, 100004, 100016, '2016-01-16 03:05:48', '2016-01-16 03:05:48'),
(100603, 100004, 100019, '2016-01-16 03:06:07', '2016-01-16 03:06:07'),
(100604, 100004, 100016, '2016-01-16 03:07:48', '2016-01-16 03:07:48'),
(100605, 100004, 100019, '2016-01-16 03:07:48', '2016-01-16 03:07:48'),
(100606, 100003, 100016, '2016-01-16 03:17:42', '2016-01-16 03:17:42'),
(100607, 100003, 100018, '2016-01-16 03:18:08', '2016-01-16 03:18:08'),
(100608, 100003, 100016, '2016-01-16 03:19:41', '2016-01-16 03:19:41'),
(100609, 100003, 100020, '2016-01-16 03:20:04', '2016-01-16 03:20:04'),
(100610, 100003, 0, '2016-01-16 03:20:55', '2016-01-16 03:20:55'),
(100611, 100003, 100016, '2016-01-16 03:21:06', '2016-01-16 03:21:06'),
(100612, 100003, 100023, '2016-01-16 03:22:38', '2016-01-16 03:22:38'),
(100613, 100003, 100018, '2016-01-16 03:23:20', '2016-01-16 03:23:20'),
(100614, 100003, 100021, '2016-01-16 03:26:15', '2016-01-16 03:26:15'),
(100615, 100003, 100021, '2016-01-16 03:26:20', '2016-01-16 03:26:20'),
(100616, 100003, 100021, '2016-01-16 03:27:05', '2016-01-16 03:27:05'),
(100617, 100003, 100016, '2016-01-16 03:27:40', '2016-01-16 03:27:40'),
(100618, 100003, 100016, '2016-01-16 03:30:44', '2016-01-16 03:30:44'),
(100619, 100003, 100019, '2016-01-16 03:30:54', '2016-01-16 03:30:54'),
(100620, 100003, 100016, '2016-01-16 03:31:57', '2016-01-16 03:31:57'),
(100621, 100003, 0, '2016-01-16 03:32:04', '2016-01-16 03:32:04'),
(100622, 100003, 100019, '2016-01-16 03:32:11', '2016-01-16 03:32:11'),
(100623, 100003, 100019, '2016-01-16 03:33:43', '2016-01-16 03:33:43'),
(100624, 100003, 100017, '2016-01-16 03:33:49', '2016-01-16 03:33:49'),
(100625, 100003, 100017, '2016-01-16 03:34:38', '2016-01-16 03:34:38'),
(100626, 100003, 100017, '2016-01-16 03:35:48', '2016-01-16 03:35:48'),
(100627, 100004, 100019, '2016-01-16 03:36:45', '2016-01-16 03:36:45'),
(100628, 100004, 100021, '2016-01-16 03:38:36', '2016-01-16 03:38:36'),
(100629, 100003, 100021, '2016-01-16 03:38:53', '2016-01-16 03:38:53'),
(100630, 100003, 100021, '2016-01-16 03:40:09', '2016-01-16 03:40:09'),
(100631, 100003, 0, '2016-01-16 03:40:57', '2016-01-16 03:40:57'),
(100632, 100003, 100016, '2016-01-16 03:41:04', '2016-01-16 03:41:04'),
(100633, 100003, 100019, '2016-01-16 03:41:10', '2016-01-16 03:41:10'),
(100634, 100003, 100019, '2016-01-16 03:41:46', '2016-01-16 03:41:46'),
(100635, 100003, 0, '2016-01-16 03:42:13', '2016-01-16 03:42:13'),
(100636, 100003, 0, '2016-01-16 03:42:32', '2016-01-16 03:42:32'),
(100637, 100003, 100019, '2016-01-16 03:42:36', '2016-01-16 03:42:36'),
(100638, 100003, 100019, '2016-01-16 03:44:01', '2016-01-16 03:44:01'),
(100639, 100003, 100019, '2016-01-16 03:46:20', '2016-01-16 03:46:20'),
(100640, 100003, 100016, '2016-01-16 03:46:33', '2016-01-16 03:46:33'),
(100641, 100003, 100016, '2016-01-16 03:47:31', '2016-01-16 03:47:31'),
(100642, 100003, 100016, '2016-01-16 03:48:47', '2016-01-16 03:48:47'),
(100643, 100003, 0, '2016-01-16 03:49:14', '2016-01-16 03:49:14'),
(100644, 100003, 100016, '2016-01-16 03:49:20', '2016-01-16 03:49:20'),
(100645, 100003, 100017, '2016-01-16 03:49:34', '2016-01-16 03:49:34'),
(100646, 100003, 0, '2016-01-16 03:50:21', '2016-01-16 03:50:21'),
(100647, 100003, 100019, '2016-01-16 03:50:27', '2016-01-16 03:50:27'),
(100648, 100003, 100019, '2016-01-16 03:51:16', '2016-01-16 03:51:16'),
(100649, 100003, 0, '2016-01-16 03:51:59', '2016-01-16 03:51:59'),
(100650, 100003, 100017, '2016-01-16 03:52:07', '2016-01-16 03:52:07'),
(100651, 100003, 100016, '2016-01-16 03:53:59', '2016-01-16 03:53:59'),
(100652, 100003, 100016, '2016-01-16 03:56:08', '2016-01-16 03:56:08'),
(100653, 100003, 100017, '2016-01-16 03:56:49', '2016-01-16 03:56:49'),
(100654, 100003, 0, '2016-01-16 03:59:34', '2016-01-16 03:59:34'),
(100655, 100003, 0, '2016-01-16 03:59:38', '2016-01-16 03:59:38'),
(100656, 100003, 100016, '2016-01-16 03:59:46', '2016-01-16 03:59:46'),
(100657, 100003, 100016, '2016-01-16 04:00:56', '2016-01-16 04:00:56'),
(100658, 100003, 100016, '2016-01-16 04:01:38', '2016-01-16 04:01:38'),
(100659, 100003, 100016, '2016-01-16 04:03:50', '2016-01-16 04:03:50'),
(100660, 100003, 100016, '2016-01-16 04:04:53', '2016-01-16 04:04:53'),
(100661, 100003, 100017, '2016-01-16 04:05:41', '2016-01-16 04:05:41'),
(100662, 100003, 100016, '2016-01-16 04:06:34', '2016-01-16 04:06:34'),
(100663, 100003, 100017, '2016-01-16 04:07:45', '2016-01-16 04:07:45'),
(100664, 100003, 0, '2016-01-16 04:09:32', '2016-01-16 04:09:32'),
(100665, 100003, 100016, '2016-01-16 04:09:39', '2016-01-16 04:09:39'),
(100666, 100003, 100016, '2016-01-16 04:11:20', '2016-01-16 04:11:20'),
(100667, 100003, 100016, '2016-01-16 04:19:02', '2016-01-16 04:19:02'),
(100668, 100003, 100018, '2016-01-16 04:33:24', '2016-01-16 04:33:24'),
(100669, 100003, 100018, '2016-01-16 04:40:23', '2016-01-16 04:40:23'),
(100670, 100003, 100023, '2016-01-16 04:44:49', '2016-01-16 04:44:49'),
(100671, 100003, 100023, '2016-01-16 04:50:19', '2016-01-16 04:50:19');

-- --------------------------------------------------------

--
-- 테이블 구조 `ShopBrand`
--

CREATE TABLE IF NOT EXISTS `ShopBrand` (
  `BrandCode` int(6) NOT NULL DEFAULT '0' COMMENT 'BrandCode',
  `BrandName` varchar(200) DEFAULT NULL COMMENT 'BrandName',
  `BrandImage` varchar(200) NOT NULL,
  `BrandWeight` int(3) NOT NULL,
  `BrandHeight` int(3) NOT NULL,
  `BrandAge` int(3) NOT NULL,
  `BrandSex` int(1) NOT NULL,
  `RegDate` datetime DEFAULT NULL COMMENT 'RegDate',
  `ModDate` datetime DEFAULT NULL COMMENT 'ModDate',
  PRIMARY KEY (`BrandCode`)
) ENGINE=MyISAM DEFAULT CHARSET=euckr COMMENT='ShopBrand';

--
-- 테이블의 덤프 데이터 `ShopBrand`
--

INSERT INTO `ShopBrand` (`BrandCode`, `BrandName`, `BrandImage`, `BrandWeight`, `BrandHeight`, `BrandAge`, `BrandSex`, `RegDate`, `ModDate`) VALUES
(100001, '빈폴', '100001.png', 40, 160, 30, 2, '2016-01-06 09:48:43', '2016-01-06 09:48:43'),
(100002, '랄프로렌', '100002.png', 40, 160, 30, 2, '2016-01-06 09:48:43', '2016-01-06 09:48:43');

-- --------------------------------------------------------

--
-- 테이블 구조 `ShopFittingRoom`
--

CREATE TABLE IF NOT EXISTS `ShopFittingRoom` (
  `FitRoomCode` int(6) NOT NULL DEFAULT '0' COMMENT 'FitRoomCode',
  `ShopCode` int(6) DEFAULT NULL COMMENT 'ShopCode',
  `FitRoomNum` int(6) DEFAULT NULL COMMENT 'FitRoomNum',
  `RegDate` datetime DEFAULT NULL COMMENT 'RegDate',
  `ModDate` datetime DEFAULT NULL COMMENT 'ModDate',
  PRIMARY KEY (`FitRoomCode`)
) ENGINE=MyISAM DEFAULT CHARSET=euckr COMMENT='ShopFittingRoom';

--
-- 테이블의 덤프 데이터 `ShopFittingRoom`
--

INSERT INTO `ShopFittingRoom` (`FitRoomCode`, `ShopCode`, `FitRoomNum`, `RegDate`, `ModDate`) VALUES
(100001, 100001, 1, '2016-01-06 14:41:21', '2016-01-06 14:41:21'),
(100002, 100001, 2, '2016-01-06 14:41:21', '2016-01-06 14:41:21'),
(100003, 100001, 3, '2016-01-06 14:41:21', '2016-01-06 14:41:21'),
(100004, 100002, 1, '2016-01-06 14:41:21', '2016-01-06 14:41:21'),
(100005, 100002, 2, '2016-01-06 14:41:21', '2016-01-06 14:41:21'),
(100006, 100002, 3, '2016-01-06 14:41:21', '2016-01-06 14:41:21');

-- --------------------------------------------------------

--
-- 테이블 구조 `ShopInfo`
--

CREATE TABLE IF NOT EXISTS `ShopInfo` (
  `ShopCode` int(6) NOT NULL DEFAULT '0' COMMENT 'ShopCode',
  `ShopName` varchar(200) DEFAULT NULL COMMENT 'ShopName',
  `BrandCode` int(6) DEFAULT NULL COMMENT 'BrandCode',
  `ShopImage` varchar(200) DEFAULT NULL COMMENT 'ShopImage',
  `RegDate` datetime DEFAULT NULL COMMENT 'RegDate',
  `ModDate` datetime DEFAULT NULL COMMENT 'ModDate',
  PRIMARY KEY (`ShopCode`)
) ENGINE=MyISAM DEFAULT CHARSET=euckr COMMENT='ShopInfo';

--
-- 테이블의 덤프 데이터 `ShopInfo`
--

INSERT INTO `ShopInfo` (`ShopCode`, `ShopName`, `BrandCode`, `ShopImage`, `RegDate`, `ModDate`) VALUES
(100001, '서울 청량리점', 100001, '100001.png', '2016-01-06 14:40:02', '2016-01-06 14:40:02'),
(100002, '서울 잠실점', 100002, '100002.png', '2016-01-06 14:40:02', '2016-01-06 14:40:02');
